gun,month,year,count_guns,latitude,longitude,n_killed,n_injured,count_total_guns,gun_percentage,date
10mm,1,2015,1,44.9559,-93.0228,0,0,1282,0.078003120124805,2015-01-01
12 gauge,1,2015,27,40.354981481481474,-90.38019629629626,4,3,1282,2.1060842433697347,2015-01-01
20 gauge,1,2015,3,40.924266666666675,-98.32253333333334,0,1,1282,0.23400936037441497,2015-01-01
22 LR,1,2015,96,38.769028723404254,-88.67798404255316,7,18,1282,7.488299531981279,2015-01-01
25 Auto,1,2015,19,37.24037894736842,-82.08082631578947,0,7,1282,1.4820592823712948,2015-01-01
30-06 Spr,1,2015,1,44.8742,-73.6626,0,0,1282,0.078003120124805,2015-01-01
30-30 Win,1,2015,2,42.1335,-73.01005,0,0,1282,0.15600624024961,2015-01-01
308 Win,1,2015,2,36.26085,-89.57915,0,0,1282,0.15600624024961,2015-01-01
32 Auto,1,2015,9,34.57461111111112,-98.33948888888891,0,0,1282,0.7020280811232449,2015-01-01
357 Mag,1,2015,26,39.977188461538454,-85.96778846153846,2,1,1282,2.0280811232449296,2015-01-01
38 Spl,1,2015,47,37.884863043478255,-87.86314347826087,5,12,1282,3.6661466458658345,2015-01-01
380 Auto,1,2015,91,36.496843956043946,-89.62712967032964,5,13,1282,7.098283931357254,2015-01-01
40 SW,1,2015,57,39.219512280701764,-94.31772807017548,7,16,1282,4.446177847113884,2015-01-01
410 gauge,1,2015,1,30.6195,-90.3748,0,0,1282,0.078003120124805,2015-01-01
44 Mag,1,2015,7,46.002742857142856,-105.85317142857141,1,3,1282,0.5460218408736349,2015-01-01
45 Auto,1,2015,41,37.93266585365854,-89.09838048780487,8,5,1282,3.1981279251170047,2015-01-01
9mm,1,2015,120,38.45851092436974,-89.16208823529412,14,18,1282,9.360374414976599,2015-01-01
Handgun,1,2015,439,39.08619609195402,-89.24046643678159,89,75,1282,34.24336973478939,2015-01-01
Other,1,2015,33,38.02545757575758,-86.34803939393939,3,4,1282,2.574102964118565,2015-01-01
Rifle,1,2015,157,39.36089102564103,-84.83670192307697,12,7,1282,12.246489859594384,2015-01-01
Shotgun,1,2015,103,40.31335242718445,-90.49010679611646,17,16,1282,8.034321372854913,2015-01-01
10mm,1,2016,1,42.3137,-71.0667,0,0,1648,0.06067961165048544,2016-01-01
12 gauge,1,2016,41,39.57165365853659,-90.96583414634145,4,1,1648,2.487864077669903,2016-01-01
16 gauge,1,2016,2,34.9277,-81.91225,0,1,1648,0.12135922330097088,2016-01-01
20 gauge,1,2016,4,39.979075,-92.82324999999999,0,0,1648,0.24271844660194175,2016-01-01
22 LR,1,2016,96,39.238125000000004,-90.05570217391309,10,14,1648,5.825242718446602,2016-01-01
25 Auto,1,2016,19,39.821555555555555,-80.82227777777778,2,2,1648,1.1529126213592233,2016-01-01
30-06 Spr,1,2016,3,35.95783333333333,-93.92093333333334,0,1,1648,0.1820388349514563,2016-01-01
30-30 Win,1,2016,5,45.526379999999996,-110.97262,0,0,1648,0.30339805825242716,2016-01-01
308 Win,1,2016,3,40.852666666666664,-73.57379999999999,0,0,1648,0.1820388349514563,2016-01-01
32 Auto,1,2016,16,39.54769375000001,-81.04661875,2,3,1648,0.970873786407767,2016-01-01
357 Mag,1,2016,24,40.20651739130435,-83.76531304347826,1,1,1648,1.4563106796116505,2016-01-01
38 Spl,1,2016,40,39.53553076923077,-86.17661538461539,9,5,1648,2.4271844660194173,2016-01-01
380 Auto,1,2016,57,39.157887037037035,-82.69232777777778,5,6,1648,3.45873786407767,2016-01-01
40 SW,1,2016,84,38.11934624999999,-87.10652375000001,9,18,1648,5.097087378640777,2016-01-01
410 gauge,1,2016,3,38.298566666666666,-90.06920000000001,0,0,1648,0.1820388349514563,2016-01-01
44 Mag,1,2016,8,40.5660875,-88.90256249999999,1,2,1648,0.4854368932038835,2016-01-01
45 Auto,1,2016,62,39.387296551724134,-91.12928965517243,10,11,1648,3.762135922330097,2016-01-01
9mm,1,2016,146,38.87305069444446,-86.17939027777778,15,41,1648,8.859223300970873,2016-01-01
Handgun,1,2016,724,37.91534948755492,-86.08315724743775,87,195,1648,43.932038834951456,2016-01-01
Other,1,2016,34,39.83100625,-93.10308124999997,5,2,1648,2.063106796116505,2016-01-01
Rifle,1,2016,164,39.43803333333335,-86.89829012345679,15,13,1648,9.951456310679612,2016-01-01
Shotgun,1,2016,112,38.46552142857144,-88.70197946428573,15,26,1648,6.796116504854369,2016-01-01
10mm,1,2017,4,48.20755,-120.19597499999999,0,1,1537,0.26024723487312945,2017-01-01
12 gauge,1,2017,41,37.693624390243905,-89.0966268292683,5,4,1537,2.6675341574495772,2017-01-01
20 gauge,1,2017,5,41.50738,-98.7721,1,0,1537,0.32530904359141183,2017-01-01
22 LR,1,2017,86,38.372117441860475,-87.07635232558145,10,14,1537,5.595315549772284,2017-01-01
25 Auto,1,2017,13,39.601546153846144,-80.44422307692308,1,0,1537,0.8458035133376708,2017-01-01
30-06 Spr,1,2017,8,37.7682375,-83.6152875,0,0,1537,0.5204944697462589,2017-01-01
30-30 Win,1,2017,4,36.693599999999996,-85.09767500000001,0,1,1537,0.26024723487312945,2017-01-01
300 Win,1,2017,1,37.2155,-93.2952,0,0,1537,0.06506180871828236,2017-01-01
308 Win,1,2017,3,33.09226666666667,-84.44816666666667,0,0,1537,0.1951854261548471,2017-01-01
32 Auto,1,2017,11,39.33706363636364,-86.62037272727272,0,0,1537,0.715679895901106,2017-01-01
357 Mag,1,2017,19,38.891789473684206,-88.8719,1,7,1537,1.236174365647365,2017-01-01
38 Spl,1,2017,38,39.1213157894737,-79.60931052631581,2,2,1537,2.47234873129473,2017-01-01
380 Auto,1,2017,44,39.15748181818183,-81.91616363636365,3,9,1537,2.862719583604424,2017-01-01
40 SW,1,2017,48,37.54194791666667,-83.06131875000001,4,5,1537,3.1229668184775536,2017-01-01
410 gauge,1,2017,2,41.3143,-98.64175,0,1,1537,0.13012361743656473,2017-01-01
44 Mag,1,2017,5,40.176300000000005,-96.49104000000001,1,3,1537,0.32530904359141183,2017-01-01
45 Auto,1,2017,57,38.338268421052625,-84.31048596491232,4,12,1537,3.708523096942095,2017-01-01
9mm,1,2017,175,38.61884457142856,-83.94047657142856,18,48,1537,11.385816525699415,2017-01-01
Handgun,1,2017,718,37.13897531380767,-88.32282719665272,93,198,1537,46.71437865972674,2017-01-01
Other,1,2017,18,37.944138888888894,-82.61785555555555,0,2,1537,1.1711125569290826,2017-01-01
Rifle,1,2017,114,37.977806140350886,-92.59719035087726,21,22,1537,7.41704619388419,2017-01-01
Shotgun,1,2017,123,37.34144710743803,-91.54753057851246,18,30,1537,8.002602472348732,2017-01-01
10mm,2,2017,1,45.4548,-98.491,0,0,1574,0.06353240152477764,2017-02-01
12 gauge,2,2017,33,39.57205757575759,-93.5247606060606,3,2,1574,2.096569250317662,2017-02-01
16 gauge,2,2017,2,35.8929,-86.65055,0,0,1574,0.12706480304955528,2017-02-01
20 gauge,2,2017,6,38.2771,-84.83408333333334,0,0,1574,0.3811944091486658,2017-02-01
22 LR,2,2017,89,38.744159090909086,-86.88296818181821,5,13,1574,5.65438373570521,2017-02-01
25 Auto,2,2017,9,40.03067777777778,-91.33276666666667,2,0,1574,0.5717916137229987,2017-02-01
28 gauge,2,2017,1,37.9578,-87.5204,0,0,1574,0.06353240152477764,2017-02-01
30-06 Spr,2,2017,4,36.091825,-82.255475,1,1,1574,0.25412960609911056,2017-02-01
30-30 Win,2,2017,3,38.434533333333334,-95.08549999999998,1,0,1574,0.1905972045743329,2017-02-01
308 Win,2,2017,5,42.28126,-93.63682000000001,0,0,1574,0.3176620076238882,2017-02-01
32 Auto,2,2017,12,38.198075,-85.44375833333334,1,2,1574,0.7623888182973316,2017-02-01
357 Mag,2,2017,17,38.461417647058816,-87.05731176470589,1,5,1574,1.0800508259212198,2017-02-01
38 Spl,2,2017,38,38.57504054054055,-80.85871081081082,2,13,1574,2.4142312579415504,2017-02-01
380 Auto,2,2017,65,39.27818307692308,-89.95105846153842,5,12,1574,4.129606099110546,2017-02-01
40 SW,2,2017,57,38.0706,-84.98210350877191,4,19,1574,3.6213468869123253,2017-02-01
410 gauge,2,2017,3,38.367066666666666,-87.17696666666666,0,1,1574,0.1905972045743329,2017-02-01
44 Mag,2,2017,5,41.438739999999996,-75.28810000000001,1,0,1574,0.3176620076238882,2017-02-01
45 Auto,2,2017,67,37.432884848484846,-87.61019545454542,3,15,1574,4.256670902160102,2017-02-01
9mm,2,2017,164,37.57367018633537,-86.19852298136644,18,24,1574,10.419313850063533,2017-02-01
Handgun,2,2017,698,37.664948206599824,-90.88576958393114,93,137,1574,44.34561626429479,2017-02-01
Other,2,2017,23,39.06333636363636,-92.37840454545456,1,1,1574,1.4612452350698857,2017-02-01
Rifle,2,2017,151,37.58345562913911,-95.95216622516556,28,9,1574,9.593392630241423,2017-02-01
Shotgun,2,2017,121,38.52291652892563,-92.81937355371902,22,28,1574,7.687420584498094,2017-02-01
10mm,3,2015,2,35.920100000000005,-88.95625000000001,0,0,1335,0.149812734082397,2015-03-01
12 gauge,3,2015,23,38.20070454545454,-87.96420454545455,6,4,1335,1.7228464419475655,2015-03-01
20 gauge,3,2015,2,35.615449999999996,-83.5124,0,0,1335,0.149812734082397,2015-03-01
22 LR,3,2015,84,38.76281190476191,-91.0751523809524,12,14,1335,6.292134831460674,2015-03-01
25 Auto,3,2015,17,38.82471764705882,-85.82349411764707,0,3,1335,1.2734082397003745,2015-03-01
30-06 Spr,3,2015,1,36.8408,-119.799,0,0,1335,0.0749063670411985,2015-03-01
30-30 Win,3,2015,1,64.3479,-149.189,0,0,1335,0.0749063670411985,2015-03-01
300 Win,3,2015,1,40.7982,-124.17,0,0,1335,0.0749063670411985,2015-03-01
308 Win,3,2015,1,57.7926,-152.402,0,0,1335,0.0749063670411985,2015-03-01
32 Auto,3,2015,21,40.296366666666664,-83.55304761904762,0,4,1335,1.5730337078651686,2015-03-01
357 Mag,3,2015,28,38.62322499999999,-87.80277857142858,5,5,1335,2.097378277153558,2015-03-01
38 Spl,3,2015,56,38.42496071428571,-87.66491428571429,3,4,1335,4.194756554307116,2015-03-01
380 Auto,3,2015,99,36.59020707070707,-90.09136565656569,3,8,1335,7.415730337078652,2015-03-01
40 SW,3,2015,95,38.96102947368422,-88.62002631578946,7,20,1335,7.116104868913857,2015-03-01
410 gauge,3,2015,3,35.01716666666666,-79.36816666666667,0,0,1335,0.2247191011235955,2015-03-01
44 Mag,3,2015,6,45.581175,-109.11984999999999,0,3,1335,0.449438202247191,2015-03-01
45 Auto,3,2015,61,38.438123728813565,-87.70195254237291,3,9,1335,4.569288389513108,2015-03-01
9mm,3,2015,172,37.334261764705886,-87.69972647058827,17,26,1335,12.883895131086142,2015-03-01
Handgun,3,2015,459,38.46563464912289,-87.97708486842112,62,116,1335,34.38202247191011,2015-03-01
Other,3,2015,40,37.7063325,-90.50008749999998,5,8,1335,2.9962546816479403,2015-03-01
Rifle,3,2015,86,38.65978372093026,-89.44521744186049,19,18,1335,6.441947565543071,2015-03-01
Shotgun,3,2015,77,38.47401948051949,-89.52356753246752,9,18,1335,5.7677902621722845,2015-03-01
10mm,3,2016,1,33.5084,-81.7209,0,0,1551,0.06447453255963895,2016-03-01
12 gauge,3,2016,30,37.39596896551724,-93.39956551724138,3,5,1551,1.9342359767891684,2016-03-01
20 gauge,3,2016,2,33.4359,-80.8639,0,0,1551,0.1289490651192779,2016-03-01
22 LR,3,2016,102,38.92116138613862,-86.82976732673268,9,21,1551,6.576402321083172,2016-03-01
25 Auto,3,2016,8,39.62768750000001,-78.4593375,2,0,1551,0.5157962604771116,2016-03-01
30-30 Win,3,2016,5,38.692499999999995,-91.43664000000001,1,0,1551,0.3223726627981947,2016-03-01
300 Win,3,2016,1,35.1817,-89.8083,0,0,1551,0.06447453255963895,2016-03-01
308 Win,3,2016,3,50.17623333333333,-115.94956666666667,0,0,1551,0.19342359767891681,2016-03-01
32 Auto,3,2016,11,41.643736363636364,-74.2116818181818,0,0,1551,0.7092198581560284,2016-03-01
357 Mag,3,2016,31,39.767122580645164,-80.1851677419355,1,3,1551,1.9987105093488071,2016-03-01
38 Spl,3,2016,46,38.84985777777778,-85.05993555555554,3,12,1551,2.9658284977433915,2016-03-01
380 Auto,3,2016,47,39.3116488372093,-84.8231441860465,7,15,1551,3.0303030303030303,2016-03-01
40 SW,3,2016,67,39.04219545454546,-88.75525757575758,17,24,1551,4.319793681495809,2016-03-01
410 gauge,3,2016,1,40.5856,-76.6224,1,0,1551,0.06447453255963895,2016-03-01
44 Mag,3,2016,6,39.400166666666664,-91.86498333333333,0,1,1551,0.38684719535783363,2016-03-01
45 Auto,3,2016,56,38.84006909090909,-86.60224727272727,10,9,1551,3.610573823339781,2016-03-01
9mm,3,2016,176,38.85063678160922,-84.87353678160919,23,42,1551,11.347517730496454,2016-03-01
Handgun,3,2016,718,37.75019389204545,-87.16252088068175,76,121,1551,46.29271437782076,2016-03-01
Other,3,2016,17,38.45446470588235,-86.35340000000002,2,0,1551,1.0960670535138621,2016-03-01
Rifle,3,2016,119,37.72569658119658,-89.97461623931625,19,10,1551,7.672469374597034,2016-03-01
Shotgun,3,2016,104,37.441345192307665,-89.11663076923074,17,21,1551,6.70535138620245,2016-03-01
10mm,3,2017,1,42.9136,-85.7116,0,0,1753,0.05704506560182544,2017-03-01
12 gauge,3,2017,26,38.184553846153854,-91.74037692307691,5,0,1753,1.4831717056474616,2017-03-01
16 gauge,3,2017,1,36.1089,-96.708,0,0,1753,0.05704506560182544,2017-03-01
20 gauge,3,2017,5,38.413340000000005,-89.85214,0,1,1753,0.2852253280091272,2017-03-01
22 LR,3,2017,98,38.896604081632645,-88.47288673469387,5,20,1753,5.590416428978894,2017-03-01
25 Auto,3,2017,15,40.170519999999996,-82.29237333333332,2,15,1753,0.8556759840273817,2017-03-01
28 gauge,3,2017,1,38.849,-97.5501,0,0,1753,0.05704506560182544,2017-03-01
30-30 Win,3,2017,4,34.8555,-99.717025,0,0,1753,0.22818026240730177,2017-03-01
308 Win,3,2017,3,37.528600000000004,-91.10329999999999,0,0,1753,0.17113519680547631,2017-03-01
32 Auto,3,2017,22,42.00032272727273,-83.89515454545456,2,3,1753,1.2549914432401597,2017-03-01
357 Mag,3,2017,24,37.78396666666667,-84.76310833333334,0,4,1753,1.3690815744438105,2017-03-01
38 Spl,3,2017,52,37.73945769230768,-83.33796923076923,6,3,1753,2.966343411294923,2017-03-01
380 Auto,3,2017,43,37.628453488372095,-83.89217441860465,5,4,1753,2.452937820878494,2017-03-01
40 SW,3,2017,86,38.435615476190485,-85.810055952381,10,30,1753,4.905875641756988,2017-03-01
410 gauge,3,2017,3,36.066066666666664,-86.63056666666667,0,1,1753,0.17113519680547631,2017-03-01
44 Mag,3,2017,4,40.6761,-90.0156,0,0,1753,0.22818026240730177,2017-03-01
45 Auto,3,2017,61,37.52053333333333,-86.55298666666671,5,9,1753,3.479749001711352,2017-03-01
9mm,3,2017,164,38.5934447852761,-86.45835950920242,13,34,1753,9.355390758699372,2017-03-01
Handgun,3,2017,821,37.033709634146255,-89.71029268292648,88,174,1753,46.833998859098685,2017-03-01
Other,3,2017,27,36.44767037037037,-88.74891851851854,1,4,1753,1.540216771249287,2017-03-01
Rifle,3,2017,164,35.60219202453987,-91.84479631901853,21,23,1753,9.355390758699372,2017-03-01
Shotgun,3,2017,128,37.70232343750001,-93.62252890625005,18,16,1753,7.301768397033657,2017-03-01
10mm,3,2018,2,43.118700000000004,-109.69624999999999,0,0,1296,0.15432098765432098,2018-03-01
12 gauge,3,2018,13,38.994800000000005,-96.88787272727272,1,7,1296,1.0030864197530864,2018-03-01
20 gauge,3,2018,5,37.15213333333333,-89.65676666666667,0,1,1296,0.38580246913580246,2018-03-01
22 LR,3,2018,66,38.66777142857143,-90.14567551020409,4,9,1296,5.092592592592593,2018-03-01
25 Auto,3,2018,10,40.579322222222224,-82.85052222222221,0,0,1296,0.7716049382716049,2018-03-01
30-06 Spr,3,2018,2,33.1851,-102.01355,0,0,1296,0.15432098765432098,2018-03-01
30-30 Win,3,2018,2,34.1075,-117.291,0,0,1296,0.15432098765432098,2018-03-01
300 Win,3,2018,2,34.805,-83.2714,0,0,1296,0.15432098765432098,2018-03-01
308 Win,3,2018,5,34.99733333333333,-86.97936666666668,0,0,1296,0.38580246913580246,2018-03-01
32 Auto,3,2018,6,38.412225,-88.844875,0,2,1296,0.46296296296296297,2018-03-01
357 Mag,3,2018,21,39.28670666666667,-96.89978666666667,2,2,1296,1.6203703703703705,2018-03-01
38 Spl,3,2018,30,38.33326,-75.85697599999999,1,4,1296,2.314814814814815,2018-03-01
380 Auto,3,2018,38,37.244758620689645,-79.6467172413793,1,7,1296,2.932098765432099,2018-03-01
40 SW,3,2018,52,39.392737499999996,-86.1896,2,9,1296,4.012345679012346,2018-03-01
410 gauge,3,2018,2,42.2209,-71.8896,0,0,1296,0.15432098765432098,2018-03-01
44 Mag,3,2018,4,33.6233,-77.01805,1,1,1296,0.30864197530864196,2018-03-01
45 Auto,3,2018,43,39.190868571428574,-85.13170000000001,6,10,1296,3.317901234567901,2018-03-01
9mm,3,2018,203,38.1567993939394,-87.04884909090913,16,21,1296,15.66358024691358,2018-03-01
Handgun,3,2018,527,38.572478553615994,-91.10601596009991,57,79,1296,40.66358024691358,2018-03-01
Other,3,2018,15,35.15139230769231,-95.79488461538462,0,0,1296,1.1574074074074074,2018-03-01
Rifle,3,2018,150,38.618002380952376,-104.86911825396824,7,5,1296,11.574074074074074,2018-03-01
Shotgun,3,2018,98,39.00435769230769,-97.03136538461537,13,10,1296,7.561728395061729,2018-03-01
10mm,4,2014,1,33.9524,-98.524,1,0,102,0.9803921568627451,2014-04-01
12 gauge,4,2014,2,32.8585,-99.08165,1,3,102,1.9607843137254901,2014-04-01
22 LR,4,2014,13,41.27006153846154,-93.50725384615384,4,3,102,12.745098039215685,2014-04-01
32 Auto,4,2014,1,42.5825,-87.8242,1,0,102,0.9803921568627451,2014-04-01
357 Mag,4,2014,2,38.52265,-98.46115,1,1,102,1.9607843137254901,2014-04-01
38 Spl,4,2014,1,,,0,0,102,0.9803921568627451,2014-04-01
380 Auto,4,2014,5,38.34672,-84.21522,0,0,102,4.901960784313726,2014-04-01
40 SW,4,2014,10,38.76996666666667,-98.7979,4,3,102,9.803921568627452,2014-04-01
44 Mag,4,2014,2,44.6927,-97.4792,1,0,102,1.9607843137254901,2014-04-01
45 Auto,4,2014,6,32.2205,-87.77563333333332,4,17,102,5.882352941176471,2014-04-01
9mm,4,2014,12,38.75814166666667,-86.36512499999999,4,6,102,11.764705882352942,2014-04-01
Handgun,4,2014,22,36.35478947368421,-87.38935263157894,2,6,102,21.568627450980394,2014-04-01
Other,4,2014,2,42.69725,-85.7624,0,0,102,1.9607843137254901,2014-04-01
Rifle,4,2014,10,36.31993,-84.08716999999999,0,3,102,9.803921568627452,2014-04-01
Shotgun,4,2014,13,41.25359999999999,-94.85149166666666,4,1,102,12.745098039215685,2014-04-01
10mm,4,2016,3,39.255599999999994,-96.49896666666666,1,2,1706,0.17584994138335286,2016-04-01
12 gauge,4,2016,32,39.46957096774194,-84.88072903225805,6,3,1706,1.8757327080890973,2016-04-01
20 gauge,4,2016,1,33.5855,-101.859,0,0,1706,0.05861664712778429,2016-04-01
22 LR,4,2016,76,39.88582533333334,-86.07529066666665,5,11,1706,4.4548651817116065,2016-04-01
25 Auto,4,2016,16,40.45575624999999,-82.34781249999999,2,2,1706,0.9378663540445487,2016-04-01
30-30 Win,4,2016,3,41.9599,-86.30520000000001,1,0,1706,0.17584994138335286,2016-04-01
308 Win,4,2016,5,36.4371,-84.08008,0,2,1706,0.29308323563892147,2016-04-01
32 Auto,4,2016,13,40.76237692307693,-80.41133846153845,1,2,1706,0.7620164126611958,2016-04-01
357 Mag,4,2016,24,42.561508333333336,-86.93579583333333,1,8,1706,1.4067995310668229,2016-04-01
38 Spl,4,2016,36,39.018374285714295,-83.94802857142857,2,4,1706,2.1101992966002343,2016-04-01
380 Auto,4,2016,45,37.879888888888885,-81.68589333333333,2,3,1706,2.637749120750293,2016-04-01
40 SW,4,2016,65,38.94186984126983,-86.30764920634921,10,22,1706,3.810082063305979,2016-04-01
410 gauge,4,2016,2,35.1052,-85.1309,0,0,1706,0.11723329425556858,2016-04-01
44 Mag,4,2016,3,46.18723333333333,-117.34906666666666,0,1,1706,0.17584994138335286,2016-04-01
45 Auto,4,2016,50,39.53183265306122,-85.95512857142856,7,11,1706,2.9308323563892147,2016-04-01
9mm,4,2016,144,39.0376457142857,-82.40436428571425,12,28,1706,8.440797186400937,2016-04-01
Handgun,4,2016,943,37.710399314285645,-88.77085942857126,83,124,1706,55.275498241500586,2016-04-01
Other,4,2016,22,35.74709545454546,-93.39375454545453,0,0,1706,1.2895662368112544,2016-04-01
Rifle,4,2016,128,40.4064392,-84.40035520000008,10,16,1706,7.502930832356389,2016-04-01
Shotgun,4,2016,95,38.82324842105263,-89.41721999999999,7,26,1706,5.5685814771395075,2016-04-01
10mm,4,2017,2,37.6447,-121.6915,0,0,1521,0.13149243918474687,2017-04-01
12 gauge,4,2017,32,38.1178875,-91.19289687499999,2,3,1521,2.10387902695595,2017-04-01
16 gauge,4,2017,2,38.5583,-81.51885,0,0,1521,0.13149243918474687,2017-04-01
20 gauge,4,2017,7,35.51545714285714,-85.96437142857143,0,0,1521,0.46022353714661407,2017-04-01
22 LR,4,2017,75,38.40029466666667,-85.98615866666664,5,10,1521,4.930966469428008,2017-04-01
25 Auto,4,2017,24,38.48506666666667,-83.8458625,4,1,1521,1.5779092702169626,2017-04-01
28 gauge,4,2017,1,29.648,-92.4589,0,0,1521,0.06574621959237344,2017-04-01
30-06 Spr,4,2017,2,39.55985,-106.22120000000001,0,1,1521,0.13149243918474687,2017-04-01
32 Auto,4,2017,15,38.16532,-86.89297333333333,3,2,1521,0.9861932938856016,2017-04-01
357 Mag,4,2017,17,39.327794117647066,-95.06447647058825,8,3,1521,1.1176857330703485,2017-04-01
38 Spl,4,2017,41,37.80329024390244,-82.10169024390242,2,5,1521,2.695595003287311,2017-04-01
380 Auto,4,2017,49,38.60344285714286,-83.58984081632653,1,3,1521,3.2215647600262987,2017-04-01
40 SW,4,2017,82,39.14458024691356,-85.88787901234572,6,13,1521,5.391190006574622,2017-04-01
410 gauge,4,2017,2,36.06245,-77.4567,0,0,1521,0.13149243918474687,2017-04-01
44 Mag,4,2017,6,42.91258333333334,-88.07656666666668,0,0,1521,0.39447731755424065,2017-04-01
45 Auto,4,2017,68,38.77280588235295,-86.77330294117648,7,16,1521,4.470742932281394,2017-04-01
9mm,4,2017,174,38.41912034883722,-83.28632267441851,13,20,1521,11.439842209072978,2017-04-01
Handgun,4,2017,661,36.768700303030286,-90.14105015151513,79,190,1521,43.458251150558844,2017-04-01
Other,4,2017,21,37.946619047619045,-86.84469999999999,0,1,1521,1.3806706114398422,2017-04-01
Rifle,4,2017,115,37.79912894736843,-94.46903771929824,15,17,1521,7.560815253122946,2017-04-01
Shotgun,4,2017,125,38.2122072580645,-93.92703467741939,20,22,1521,8.21827744904668,2017-04-01
10mm,5,2015,1,40.2615,-76.858,1,0,1641,0.06093845216331505,2015-05-01
12 gauge,5,2015,22,39.609561904761904,-82.01708095238097,1,2,1641,1.340645947592931,2015-05-01
16 gauge,5,2015,1,41.0814,-81.519,0,0,1641,0.06093845216331505,2015-05-01
20 gauge,5,2015,6,40.92485,-96.29485000000001,0,8,1641,0.3656307129798903,2015-05-01
22 LR,5,2015,98,40.010440625,-89.99566666666668,10,13,1641,5.971968312004875,2015-05-01
25 Auto,5,2015,23,38.08321304347827,-83.25145652173912,0,3,1641,1.4015843997562463,2015-05-01
30-06 Spr,5,2015,1,57.8269,-152.381,0,0,1641,0.06093845216331505,2015-05-01
30-30 Win,5,2015,2,33.4719,-81.0248,0,2,1641,0.1218769043266301,2015-05-01
300 Win,5,2015,2,48.821200000000005,-119.41274999999999,0,0,1641,0.1218769043266301,2015-05-01
308 Win,5,2015,1,30.4583,-91.1403,0,0,1641,0.06093845216331505,2015-05-01
32 Auto,5,2015,20,37.51082631578947,-79.1786052631579,1,2,1641,1.218769043266301,2015-05-01
357 Mag,5,2015,22,39.040845454545455,-91.48431363636364,2,5,1641,1.340645947592931,2015-05-01
38 Spl,5,2015,77,37.48908051948052,-90.49087532467533,6,7,1641,4.692260816575259,2015-05-01
380 Auto,5,2015,122,36.75805714285714,-90.44835798319328,6,6,1641,7.434491163924436,2015-05-01
40 SW,5,2015,85,37.71519390243902,-88.81149268292678,8,16,1641,5.1797684338817795,2015-05-01
410 gauge,5,2015,2,41.447199999999995,-93.521,0,1,1641,0.1218769043266301,2015-05-01
44 Mag,5,2015,8,43.6041375,-88.61110000000001,2,2,1641,0.4875076173065204,2015-05-01
45 Auto,5,2015,69,40.20295671641792,-94.1496462686567,10,8,1641,4.204753199268739,2015-05-01
9mm,5,2015,170,38.52964285714288,-89.87974523809524,21,26,1641,10.359536867763559,2015-05-01
Handgun,5,2015,665,38.98291759729273,-90.88230186125205,82,141,1641,40.52407068860451,2015-05-01
Other,5,2015,21,38.217438095238094,-99.37194285714287,3,4,1641,1.2797074954296161,2015-05-01
Rifle,5,2015,119,40.080558974358944,-88.78707094017102,6,24,1641,7.251675807434491,2015-05-01
Shotgun,5,2015,104,39.968673786407756,-88.48858058252428,17,25,1641,6.337599024984765,2015-05-01
10mm,5,2016,2,44.238,-98.83680000000001,1,0,1532,0.13054830287206268,2016-05-01
12 gauge,5,2016,23,40.84477391304348,-86.97457826086959,3,4,1532,1.5013054830287207,2016-05-01
20 gauge,5,2016,7,38.92612857142858,-83.4158857142857,0,0,1532,0.45691906005221933,2016-05-01
22 LR,5,2016,74,39.17982916666667,-86.25153055555555,3,10,1532,4.830287206266319,2016-05-01
25 Auto,5,2016,14,40.29968571428572,-78.22245714285714,2,2,1532,0.9138381201044387,2016-05-01
30-06 Spr,5,2016,2,37.8378,-104.9279,0,0,1532,0.13054830287206268,2016-05-01
30-30 Win,5,2016,1,42.4351,-123.332,0,0,1532,0.06527415143603134,2016-05-01
32 Auto,5,2016,13,36.12741538461539,-77.9219153846154,2,0,1532,0.8485639686684073,2016-05-01
357 Mag,5,2016,20,40.30558421052632,-87.04621578947369,2,2,1532,1.3054830287206267,2016-05-01
38 Spl,5,2016,40,39.03892564102564,-80.7791282051282,5,9,1532,2.6109660574412534,2016-05-01
380 Auto,5,2016,43,38.77265348837209,-82.84276976744187,2,3,1532,2.8067885117493474,2016-05-01
40 SW,5,2016,61,38.451503333333335,-84.81376,6,14,1532,3.9817232375979112,2016-05-01
410 gauge,5,2016,2,39.554249999999996,-89.7893,0,1,1532,0.13054830287206268,2016-05-01
44 Mag,5,2016,6,41.018366666666665,-84.59675,0,1,1532,0.391644908616188,2016-05-01
45 Auto,5,2016,49,38.48584782608696,-84.49283695652173,11,9,1532,3.1984334203655354,2016-05-01
9mm,5,2016,129,39.072677343749994,-84.95636171874996,13,25,1532,8.420365535248042,2016-05-01
Handgun,5,2016,770,38.431570350404336,-88.73498477088953,88,169,1532,50.26109660574413,2016-05-01
Other,5,2016,19,39.527281249999994,-90.60389374999998,2,0,1532,1.2402088772845954,2016-05-01
Rifle,5,2016,126,38.918863414634124,-89.72340406504057,18,37,1532,8.224543080939947,2016-05-01
Shotgun,5,2016,131,39.404902343749995,-91.68597656249995,14,28,1532,8.550913838120104,2016-05-01
10mm,5,2017,3,40.950433333333336,-75.0091,0,0,1540,0.19480519480519481,2017-05-01
12 gauge,5,2017,21,37.55408571428571,-86.52288095238094,1,2,1540,1.3636363636363635,2017-05-01
16 gauge,5,2017,1,40.9597,-72.9754,0,0,1540,0.06493506493506493,2017-05-01
20 gauge,5,2017,2,40.7674,-78.6498,0,0,1540,0.12987012987012986,2017-05-01
22 LR,5,2017,78,39.28753733333334,-91.96958800000002,9,15,1540,5.064935064935065,2017-05-01
25 Auto,5,2017,12,37.50458333333333,-87.97522500000001,0,2,1540,0.7792207792207793,2017-05-01
30-06 Spr,5,2017,2,50.7369,-124.5086,0,0,1540,0.12987012987012986,2017-05-01
308 Win,5,2017,1,45.3138,-94.9555,0,0,1540,0.06493506493506493,2017-05-01
32 Auto,5,2017,14,39.50057857142856,-81.05062142857143,2,2,1540,0.9090909090909091,2017-05-01
357 Mag,5,2017,9,36.500388888888885,-87.75465555555554,1,1,1540,0.5844155844155844,2017-05-01
38 Spl,5,2017,58,38.92283103448275,-83.99306896551725,3,7,1540,3.7662337662337664,2017-05-01
380 Auto,5,2017,45,38.57029545454545,-82.66679772727274,3,12,1540,2.9220779220779223,2017-05-01
40 SW,5,2017,89,38.577400000000004,-86.78773483146061,12,15,1540,5.779220779220779,2017-05-01
410 gauge,5,2017,4,32.591525,-81.73305,1,1,1540,0.2597402597402597,2017-05-01
44 Mag,5,2017,3,42.059666666666665,-82.20843333333333,1,0,1540,0.19480519480519481,2017-05-01
45 Auto,5,2017,56,39.081535714285714,-88.58068750000002,5,7,1540,3.6363636363636362,2017-05-01
9mm,5,2017,197,38.28848307692308,-83.29749948717956,9,43,1540,12.792207792207792,2017-05-01
Handgun,5,2017,681,38.18323393124065,-91.02800926756343,93,92,1540,44.22077922077922,2017-05-01
Other,5,2017,29,38.958351724137934,-81.04095862068965,1,3,1540,1.8831168831168832,2017-05-01
Rifle,5,2017,116,38.26738684210525,-94.10105789473691,17,32,1540,7.532467532467533,2017-05-01
Shotgun,5,2017,119,38.385581896551734,-91.26220000000004,14,24,1540,7.7272727272727275,2017-05-01
10mm,6,2016,1,61.5803,-149.611,1,0,1611,0.06207324643078833,2016-06-01
12 gauge,6,2016,34,38.28002580645162,-85.47799032258065,3,4,1611,2.1104903786468032,2016-06-01
16 gauge,6,2016,1,27.5199,-80.9919,0,1,1611,0.06207324643078833,2016-06-01
20 gauge,6,2016,5,35.72888,-83.27062000000001,0,1,1611,0.31036623215394166,2016-06-01
22 LR,6,2016,80,40.56697105263157,-87.0902421052632,6,18,1611,4.9658597144630665,2016-06-01
25 Auto,6,2016,12,37.23100833333333,-83.53015833333335,1,1,1611,0.74487895716946,2016-06-01
30-30 Win,6,2016,2,47.6742,-119.1011,0,0,1611,0.12414649286157665,2016-06-01
308 Win,6,2016,4,37.346525,-91.31507500000001,1,0,1611,0.2482929857231533,2016-06-01
32 Auto,6,2016,9,38.709166666666675,-74.6792111111111,0,3,1611,0.5586592178770949,2016-06-01
357 Mag,6,2016,20,40.673725,-83.95843499999998,3,0,1611,1.2414649286157666,2016-06-01
38 Spl,6,2016,45,37.962644444444436,-84.34112,3,9,1611,2.793296089385475,2016-06-01
380 Auto,6,2016,42,37.44969512195122,-81.4067463414634,3,10,1611,2.60707635009311,2016-06-01
40 SW,6,2016,66,37.650756666666666,-84.47094833333334,11,20,1611,4.0968342644320295,2016-06-01
410 gauge,6,2016,1,29.5972,-95.7862,0,1,1611,0.06207324643078833,2016-06-01
44 Mag,6,2016,6,42.01671666666667,-74.9648,0,0,1611,0.37243947858473,2016-06-01
45 Auto,6,2016,58,40.44136296296296,-91.49382037037033,9,11,1611,3.6002482929857234,2016-06-01
9mm,6,2016,168,37.93084347826087,-83.89102857142855,74,67,1611,10.42830540037244,2016-06-01
Handgun,6,2016,798,38.94532983354687,-86.4839414852752,110,150,1611,49.534450651769085,2016-06-01
Other,6,2016,25,38.7119,-89.46294400000001,0,0,1611,1.5518311607697082,2016-06-01
Rifle,6,2016,118,39.37282033898304,-87.57270593220339,34,17,1611,7.324643078833023,2016-06-01
Shotgun,6,2016,116,39.06561592920356,-88.34036725663721,31,15,1611,7.200496585971447,2016-06-01
10mm,6,2017,1,42.8443,-91.8066,0,0,1503,0.0665335994677312,2017-06-01
12 gauge,6,2017,25,38.56381999999999,-88.57344,1,4,1503,1.66333998669328,2017-06-01
16 gauge,6,2017,1,35.8146,-80.2563,0,0,1503,0.0665335994677312,2017-06-01
20 gauge,6,2017,2,35.9618,-77.83985,1,0,1503,0.1330671989354624,2017-06-01
22 LR,6,2017,62,38.08350161290322,-88.68068870967744,5,8,1503,4.125083166999334,2017-06-01
25 Auto,6,2017,12,37.13155,-87.20338333333332,0,1,1503,0.7984031936127745,2017-06-01
30-30 Win,6,2017,2,40.64975,-77.19985,0,0,1503,0.1330671989354624,2017-06-01
32 Auto,6,2017,9,40.15983333333334,-83.14494444444446,1,1,1503,0.5988023952095808,2017-06-01
357 Mag,6,2017,22,38.4994909090909,-88.20627272727273,4,1,1503,1.4637391882900865,2017-06-01
38 Spl,6,2017,45,37.61416136363637,-88.54987045454547,11,4,1503,2.9940119760479043,2017-06-01
380 Auto,6,2017,42,39.78853095238095,-84.7133,2,6,1503,2.7944111776447107,2017-06-01
40 SW,6,2017,88,38.98562790697674,-85.44688023255816,18,12,1503,5.854956753160346,2017-06-01
410 gauge,6,2017,5,37.1983,-83.62018,0,2,1503,0.33266799733865604,2017-06-01
44 Mag,6,2017,4,37.655525000000004,-120.08599999999998,0,0,1503,0.2661343978709248,2017-06-01
45 Auto,6,2017,57,38.32894210526317,-87.8489701754386,13,8,1503,3.7924151696606785,2017-06-01
9mm,6,2017,190,38.74435691489361,-84.18419468085104,23,28,1503,12.641383898868929,2017-06-01
Handgun,6,2017,683,38.713261266568594,-88.32358173784965,102,107,1503,45.44244843646041,2017-06-01
Other,6,2017,23,39.23825217391305,-91.78379565217392,2,0,1503,1.5302727877578177,2017-06-01
Rifle,6,2017,141,37.46693550724635,-91.85626811594211,18,13,1503,9.3812375249501,2017-06-01
Shotgun,6,2017,89,38.86044157303369,-94.26866629213481,19,23,1503,5.921490352628077,2017-06-01
10mm,7,2015,2,36.7976,-89.63135,0,0,1576,0.12690355329949238,2015-07-01
12 gauge,7,2015,21,37.500260000000004,-86.46867499999999,7,4,1576,1.33248730964467,2015-07-01
20 gauge,7,2015,3,36.570366666666665,-89.02396666666668,1,0,1576,0.19035532994923857,2015-07-01
22 LR,7,2015,114,39.16937232142857,-90.27951785714279,27,30,1576,7.233502538071066,2015-07-01
25 Auto,7,2015,23,37.18837826086957,-83.08263478260868,4,1,1576,1.4593908629441625,2015-07-01
30-06 Spr,7,2015,1,35.2233,-114.223,1,0,1576,0.06345177664974619,2015-07-01
30-30 Win,7,2015,3,39.74803333333333,-145.33866666666668,1,2,1576,0.19035532994923857,2015-07-01
308 Win,7,2015,4,40.37123333333333,-93.32123333333334,0,4,1576,0.25380710659898476,2015-07-01
32 Auto,7,2015,9,37.431755555555554,-89.8809,0,1,1576,0.5710659898477157,2015-07-01
357 Mag,7,2015,29,40.41175172413794,-88.6838103448276,3,2,1576,1.8401015228426396,2015-07-01
38 Spl,7,2015,70,37.92085797101448,-88.80564347826088,4,8,1576,4.441624365482234,2015-07-01
380 Auto,7,2015,109,35.91276111111111,-89.74214351851849,6,7,1576,6.916243654822335,2015-07-01
40 SW,7,2015,69,37.92800441176471,-90.15795441176473,8,13,1576,4.378172588832487,2015-07-01
410 gauge,7,2015,2,36.40615,-83.0645,0,0,1576,0.12690355329949238,2015-07-01
44 Mag,7,2015,7,38.832057142857145,-83.00007142857143,0,1,1576,0.44416243654822335,2015-07-01
45 Auto,7,2015,64,40.11169677419353,-94.58058548387099,2,8,1576,4.060913705583756,2015-07-01
9mm,7,2015,170,38.89028588235293,-88.37382764705886,15,22,1576,10.786802030456853,2015-07-01
Handgun,7,2015,604,38.962193000000035,-92.14346266666668,89,160,1576,38.3248730964467,2015-07-01
Other,7,2015,35,38.866752941176465,-91.47874999999998,9,6,1576,2.220812182741117,2015-07-01
Rifle,7,2015,128,39.92024531249998,-93.75594062500002,16,27,1576,8.121827411167512,2015-07-01
Shotgun,7,2015,109,39.49661834862386,-93.29615229357798,14,43,1576,6.916243654822335,2015-07-01
10mm,7,2017,3,39.785599999999995,-91.03053333333332,0,0,1560,0.19230769230769232,2017-07-01
12 gauge,7,2017,30,38.70182413793103,-90.57803448275862,1,3,1560,1.9230769230769231,2017-07-01
16 gauge,7,2017,3,35.329366666666665,-79.71499999999999,0,1,1560,0.19230769230769232,2017-07-01
20 gauge,7,2017,5,34.98702,-87.34075999999999,0,1,1560,0.32051282051282054,2017-07-01
22 LR,7,2017,95,38.541945263157885,-89.1786736842105,11,18,1560,6.089743589743589,2017-07-01
25 Auto,7,2017,16,39.7504875,-84.8371875,2,3,1560,1.0256410256410255,2017-07-01
30-06 Spr,7,2017,4,39.973825000000005,-100.549925,3,0,1560,0.2564102564102564,2017-07-01
30-30 Win,7,2017,3,38.1086,-83.20300000000002,0,0,1560,0.19230769230769232,2017-07-01
308 Win,7,2017,4,40.8472,-92.8467,0,0,1560,0.2564102564102564,2017-07-01
32 Auto,7,2017,8,40.099425,-84.67599999999999,0,0,1560,0.5128205128205128,2017-07-01
357 Mag,7,2017,18,38.929672222222216,-86.49947222222224,5,1,1560,1.1538461538461537,2017-07-01
38 Spl,7,2017,57,38.47553090909091,-82.93527636363635,3,4,1560,3.6538461538461537,2017-07-01
380 Auto,7,2017,52,38.698519230769236,-87.21637307692308,5,17,1560,3.3333333333333335,2017-07-01
40 SW,7,2017,84,38.045527710843366,-85.2340301204819,8,58,1560,5.384615384615385,2017-07-01
410 gauge,7,2017,4,39.65,-93.43109999999999,1,0,1560,0.2564102564102564,2017-07-01
44 Mag,7,2017,8,44.221975,-112.385925,1,2,1560,0.5128205128205128,2017-07-01
45 Auto,7,2017,66,38.510895454545455,-83.31477727272727,10,14,1560,4.230769230769231,2017-07-01
9mm,7,2017,202,38.40039849246232,-85.70000100502513,23,33,1560,12.948717948717949,2017-07-01
Handgun,7,2017,597,38.277348903878554,-90.23178026981459,70,105,1560,38.26923076923077,2017-07-01
Other,7,2017,29,37.1666448275862,-87.2281551724138,2,1,1560,1.858974358974359,2017-07-01
Rifle,7,2017,160,39.46314840764329,-97.47168535031852,9,12,1560,10.256410256410257,2017-07-01
Shotgun,7,2017,112,38.41210990990991,-91.63946756756758,19,26,1560,7.17948717948718,2017-07-01
10mm,8,2015,3,38.879799999999996,-88.2349,0,1,1566,0.19157088122605365,2015-08-01
12 gauge,8,2015,20,40.57747894736842,-84.41374210526317,2,4,1566,1.277139208173691,2015-08-01
20 gauge,8,2015,3,35.584633333333336,-82.60093333333333,1,0,1566,0.19157088122605365,2015-08-01
22 LR,8,2015,96,40.649096808510635,-96.83137340425529,9,20,1566,6.130268199233717,2015-08-01
25 Auto,8,2015,19,35.77517777777777,-92.99394444444444,1,3,1566,1.2132822477650065,2015-08-01
30-06 Spr,8,2015,3,45.3282,-101.53306666666667,0,0,1566,0.19157088122605365,2015-08-01
30-30 Win,8,2015,5,44.29792,-94.06306,0,0,1566,0.31928480204342274,2015-08-01
308 Win,8,2015,2,42.45285,-83.72579999999999,0,0,1566,0.1277139208173691,2015-08-01
32 Auto,8,2015,14,37.50636153846154,-87.24063846153847,2,0,1566,0.8939974457215837,2015-08-01
357 Mag,8,2015,23,39.46014545454546,-87.77300454545455,1,7,1566,1.4687100893997447,2015-08-01
38 Spl,8,2015,57,37.603324999999984,-89.50572500000003,9,5,1566,3.6398467432950192,2015-08-01
380 Auto,8,2015,108,36.877215887850454,-90.95495794392518,5,9,1566,6.896551724137931,2015-08-01
40 SW,8,2015,75,37.62208133333334,-90.44532533333334,3,19,1566,4.789272030651341,2015-08-01
410 gauge,8,2015,5,37.94708,-79.36762,0,0,1566,0.31928480204342274,2015-08-01
44 Mag,8,2015,3,46.68703333333334,-95.31179999999999,0,0,1566,0.19157088122605365,2015-08-01
45 Auto,8,2015,65,38.83231111111109,-89.70637777777779,9,2,1566,4.150702426564496,2015-08-01
9mm,8,2015,182,37.87335561797753,-91.65204213483148,12,25,1566,11.621966794380587,2015-08-01
Handgun,8,2015,639,39.0012017377567,-90.51526176935236,97,195,1566,40.804597701149426,2015-08-01
Other,8,2015,34,37.60002727272728,-90.92083636363637,2,7,1566,2.1711366538952745,2015-08-01
Rifle,8,2015,108,37.872654629629636,-99.42865833333335,16,16,1566,6.896551724137931,2015-08-01
Shotgun,8,2015,102,39.88490400000001,-92.39502700000001,15,23,1566,6.513409961685824,2015-08-01
10mm,8,2016,2,39.51775,-83.53735,0,0,1718,0.11641443538998836,2016-08-01
12 gauge,8,2016,25,38.03119583333334,-89.42369166666668,4,2,1718,1.4551804423748544,2016-08-01
20 gauge,8,2016,5,37.45462,-90.23092,1,0,1718,0.2910360884749709,2016-08-01
22 LR,8,2016,73,38.08695294117647,-86.71100441176472,6,12,1718,4.2491268917345755,2016-08-01
25 Auto,8,2016,12,44.69444,-92.76322000000002,0,1,1718,0.6984866123399301,2016-08-01
30-06 Spr,8,2016,1,61.5003,-165.711,0,1,1718,0.05820721769499418,2016-08-01
30-30 Win,8,2016,3,44.6257,-107.48830000000001,0,0,1718,0.17462165308498254,2016-08-01
32 Auto,8,2016,6,38.79685,-81.18573333333335,0,1,1718,0.3492433061699651,2016-08-01
357 Mag,8,2016,18,37.09663333333333,-85.94952666666667,6,2,1718,1.0477299185098952,2016-08-01
38 Spl,8,2016,42,38.79292105263158,-83.88282105263158,15,6,1718,2.4447031431897557,2016-08-01
380 Auto,8,2016,50,38.01097551020409,-82.57491836734694,2,6,1718,2.910360884749709,2016-08-01
40 SW,8,2016,75,37.832064285714274,-84.63525857142855,14,34,1718,4.365541327124563,2016-08-01
410 gauge,8,2016,4,36.041399999999996,-76.42165,1,0,1718,0.23282887077997672,2016-08-01
44 Mag,8,2016,2,37.25415,-78.8966,0,0,1718,0.11641443538998836,2016-08-01
45 Auto,8,2016,69,39.158966176470585,-86.169125,10,27,1718,4.016298020954598,2016-08-01
9mm,8,2016,166,38.813612903225824,-87.25100709677419,24,22,1718,9.662398137369033,2016-08-01
Handgun,8,2016,784,39.291454324324256,-90.44023972972968,112,186,1718,45.63445867287544,2016-08-01
Other,8,2016,30,35.51854642857143,-84.40169285714283,4,9,1718,1.7462165308498254,2016-08-01
Rifle,8,2016,212,39.986926530612244,-96.80761326530622,16,39,1718,12.339930151338766,2016-08-01
Shotgun,8,2016,139,38.81420538461536,-92.18969769230773,14,41,1718,8.090803259604192,2016-08-01
10mm,9,2015,1,35.3842,-92.2157,0,0,1330,0.07518796992481203,2015-09-01
12 gauge,9,2015,20,39.77837000000001,-94.53588,2,5,1330,1.5037593984962405,2015-09-01
20 gauge,9,2015,6,41.453133333333334,-96.67821666666667,0,0,1330,0.45112781954887216,2015-09-01
22 LR,9,2015,84,40.30111111111112,-91.51816666666667,11,21,1330,6.315789473684211,2015-09-01
25 Auto,9,2015,22,38.364481818181815,-83.26271818181819,1,1,1330,1.6541353383458646,2015-09-01
30-06 Spr,9,2015,6,54.43836666666666,-124.72791666666667,0,0,1330,0.45112781954887216,2015-09-01
30-30 Win,9,2015,5,34.24456,-95.1994,5,0,1330,0.37593984962406013,2015-09-01
300 Win,9,2015,1,33.9947,-83.4877,0,0,1330,0.07518796992481203,2015-09-01
308 Win,9,2015,1,38.3306,-82.9518,0,0,1330,0.07518796992481203,2015-09-01
32 Auto,9,2015,11,36.236650000000004,-88.59018999999999,1,1,1330,0.8270676691729323,2015-09-01
357 Mag,9,2015,17,41.22355294117648,-96.74084705882353,0,0,1330,1.2781954887218046,2015-09-01
38 Spl,9,2015,45,39.06185999999999,-84.98953111111112,4,7,1330,3.3834586466165413,2015-09-01
380 Auto,9,2015,61,38.77341666666666,-90.9347516666667,3,5,1330,4.586466165413534,2015-09-01
40 SW,9,2015,50,37.83840816326532,-88.21208775510205,7,8,1330,3.7593984962406015,2015-09-01
410 gauge,9,2015,1,42.0601,-75.4277,0,1,1330,0.07518796992481203,2015-09-01
44 Mag,9,2015,5,40.97068,-84.31692000000001,0,1,1330,0.37593984962406013,2015-09-01
45 Auto,9,2015,50,40.215555102040824,-88.08256122448982,9,15,1330,3.7593984962406015,2015-09-01
9mm,9,2015,129,39.06781439999999,-87.80351920000003,15,16,1330,9.699248120300751,2015-09-01
Handgun,9,2015,572,38.45506245551595,-89.25570427046267,56,131,1330,43.00751879699248,2015-09-01
Other,9,2015,21,39.52018095238096,-93.05872380952381,3,0,1330,1.5789473684210527,2015-09-01
Rifle,9,2015,125,39.61135967741939,-94.72046290322578,16,19,1330,9.398496240601503,2015-09-01
Shotgun,9,2015,97,39.80966082474228,-90.80299690721654,21,21,1330,7.293233082706767,2015-09-01
10mm,9,2016,1,32.4927,-93.793,0,1,1454,0.0687757909215956,2016-09-01
12 gauge,9,2016,27,37.67566,-89.3348,1,4,1454,1.8569463548830811,2016-09-01
16 gauge,9,2016,1,42.3077,-83.2846,0,0,1454,0.0687757909215956,2016-09-01
20 gauge,9,2016,7,41.625683333333335,-94.79656666666665,1,0,1454,0.4814305364511692,2016-09-01
22 LR,9,2016,84,38.97440666666667,-87.30238266666665,12,24,1454,5.777166437414031,2016-09-01
25 Auto,9,2016,12,39.588908333333336,-86.23136666666666,4,2,1454,0.8253094910591472,2016-09-01
30-06 Spr,9,2016,2,40.0449,-96.72825,0,1,1454,0.1375515818431912,2016-09-01
30-30 Win,9,2016,2,48.43775,-124.53995,0,0,1454,0.1375515818431912,2016-09-01
300 Win,9,2016,1,61.787,-156.615,0,0,1454,0.0687757909215956,2016-09-01
308 Win,9,2016,3,46.83516666666667,-113.8202,0,0,1454,0.2063273727647868,2016-09-01
32 Auto,9,2016,12,40.0854,-82.46789000000001,2,0,1454,0.8253094910591472,2016-09-01
357 Mag,9,2016,18,39.519693749999995,-89.31474999999998,4,3,1454,1.2379642365887207,2016-09-01
38 Spl,9,2016,34,39.80146562499999,-83.40528437500002,3,5,1454,2.33837689133425,2016-09-01
380 Auto,9,2016,32,38.93924666666667,-84.15501,2,7,1454,2.200825309491059,2016-09-01
40 SW,9,2016,58,38.00270566037736,-87.28280754716981,8,9,1454,3.9889958734525446,2016-09-01
410 gauge,9,2016,3,39.0481,-82.8497,0,0,1454,0.2063273727647868,2016-09-01
44 Mag,9,2016,4,41.259525,-91.141375,2,0,1454,0.2751031636863824,2016-09-01
45 Auto,9,2016,45,38.68215500000001,-89.325065,5,14,1454,3.094910591471802,2016-09-01
9mm,9,2016,149,40.15427443609024,-85.08458496240605,14,28,1454,10.247592847317744,2016-09-01
Handgun,9,2016,674,37.36904710610931,-88.31042620578775,84,160,1454,46.354883081155435,2016-09-01
Other,9,2016,29,38.13962592592593,-94.24880370370371,3,8,1454,1.9944979367262723,2016-09-01
Rifle,9,2016,162,37.88836774193551,-93.2724425806452,10,25,1454,11.141678129298487,2016-09-01
Shotgun,9,2016,94,37.731549425287334,-91.49575402298848,16,29,1454,6.464924346629986,2016-09-01
10mm,10,2015,1,40.696,-73.9764,0,1,1370,0.072992700729927,2015-10-01
12 gauge,10,2015,30,39.00627500000002,-82.20256071428572,2,3,1370,2.18978102189781,2015-10-01
20 gauge,10,2015,6,37.08823333333333,-89.75148333333334,4,0,1370,0.43795620437956206,2015-10-01
22 LR,10,2015,82,40.03791038961039,-88.38277922077923,6,10,1370,5.985401459854015,2015-10-01
25 Auto,10,2015,14,39.01184615384615,-77.77427692307691,0,0,1370,1.0218978102189782,2015-10-01
30-06 Spr,10,2015,6,40.17993333333333,-84.52728333333333,0,2,1370,0.43795620437956206,2015-10-01
30-30 Win,10,2015,6,38.38406666666667,-79.64094999999999,1,1,1370,0.43795620437956206,2015-10-01
308 Win,10,2015,2,42.93065,-99.2966,0,0,1370,0.145985401459854,2015-10-01
32 Auto,10,2015,13,39.306330769230776,-83.82801538461538,3,1,1370,0.948905109489051,2015-10-01
357 Mag,10,2015,18,38.51915625,-88.63668750000001,8,4,1370,1.313868613138686,2015-10-01
38 Spl,10,2015,28,37.64799285714286,-82.15813214285713,5,3,1370,2.0437956204379564,2015-10-01
380 Auto,10,2015,42,40.46441707317074,-86.38843658536587,1,4,1370,3.065693430656934,2015-10-01
40 SW,10,2015,53,38.56758297872341,-88.60308723404255,6,13,1370,3.8686131386861313,2015-10-01
410 gauge,10,2015,4,36.423,-84.27255,0,2,1370,0.291970802919708,2015-10-01
44 Mag,10,2015,6,43.139759999999995,-106.39804,2,0,1370,0.43795620437956206,2015-10-01
45 Auto,10,2015,60,40.04766271186441,-93.94546779661019,10,8,1370,4.37956204379562,2015-10-01
9mm,10,2015,128,39.58359333333331,-88.54214999999994,19,21,1370,9.343065693430656,2015-10-01
Handgun,10,2015,606,39.41355510887779,-89.72908509212732,125,208,1370,44.23357664233577,2015-10-01
Other,10,2015,28,38.03824642857143,-89.95358928571427,4,4,1370,2.0437956204379564,2015-10-01
Rifle,10,2015,108,39.307586915887846,-93.7900850467289,10,18,1370,7.883211678832117,2015-10-01
Shotgun,10,2015,129,38.14830077519378,-91.25131162790697,21,32,1370,9.416058394160585,2015-10-01
10mm,10,2016,1,38.3565,-81.6858,0,0,1540,0.06493506493506493,2016-10-01
12 gauge,10,2016,23,37.18919000000001,-87.643945,3,7,1540,1.4935064935064934,2016-10-01
20 gauge,10,2016,6,39.909740000000006,-88.60498,2,0,1540,0.38961038961038963,2016-10-01
22 LR,10,2016,72,39.10886290322581,-84.9885919354839,4,20,1540,4.675324675324675,2016-10-01
25 Auto,10,2016,14,37.62013636363637,-84.11208181818182,3,2,1540,0.9090909090909091,2016-10-01
28 gauge,10,2016,1,41.0931,-80.6126,0,0,1540,0.06493506493506493,2016-10-01
30-06 Spr,10,2016,2,46.4185,-108.52,0,1,1540,0.12987012987012986,2016-10-01
30-30 Win,10,2016,4,38.23093333333333,-99.7289,1,2,1540,0.2597402597402597,2016-10-01
300 Win,10,2016,1,26.3492,-80.0988,0,0,1540,0.06493506493506493,2016-10-01
32 Auto,10,2016,7,39.018899999999995,-80.76731428571429,0,4,1540,0.45454545454545453,2016-10-01
357 Mag,10,2016,19,38.441525,-89.67943125,4,1,1540,1.2337662337662338,2016-10-01
38 Spl,10,2016,36,37.93633461538462,-82.94666153846153,5,5,1540,2.3376623376623376,2016-10-01
380 Auto,10,2016,47,37.60674750000001,-82.817915,1,6,1540,3.051948051948052,2016-10-01
40 SW,10,2016,70,38.095425,-82.30981607142856,6,20,1540,4.545454545454546,2016-10-01
410 gauge,10,2016,2,30.4285,-90.1552,0,0,1540,0.12987012987012986,2016-10-01
44 Mag,10,2016,4,37.3309,-82.08525,0,0,1540,0.2597402597402597,2016-10-01
45 Auto,10,2016,48,39.954265,-93.80211249999999,3,6,1540,3.116883116883117,2016-10-01
9mm,10,2016,153,38.90018870967742,-85.37343467741938,14,31,1540,9.935064935064934,2016-10-01
Handgun,10,2016,704,37.70885064456726,-89.85687900552506,103,166,1540,45.714285714285715,2016-10-01
Other,10,2016,29,35.995107692307684,-86.96584999999999,2,2,1540,1.8831168831168832,2016-10-01
Rifle,10,2016,172,36.71710322580645,-94.94644580645166,15,38,1540,11.168831168831169,2016-10-01
Shotgun,10,2016,125,37.8006611111111,-99.0963787037037,12,30,1540,8.116883116883116,2016-10-01
10mm,10,2017,2,45.6868,-107.65254999999999,0,1,1233,0.16220600162206,2017-10-01
12 gauge,10,2017,37,37.906965625,-90.69853125000002,6,5,1233,3.0008110300081103,2017-10-01
20 gauge,10,2017,5,39.419925,-82.352525,0,0,1233,0.40551500405515006,2017-10-01
22 LR,10,2017,57,39.78762105263157,-87.63227192982457,9,10,1233,4.622871046228711,2017-10-01
25 Auto,10,2017,13,38.413161538461544,-77.01320769230769,0,0,1233,1.05433901054339,2017-10-01
30-06 Spr,10,2017,4,44.008525,-92.65379999999999,1,0,1233,0.32441200324412,2017-10-01
300 Win,10,2017,1,38.8509,-97.6168,0,0,1233,0.08110300081103,2017-10-01
308 Win,10,2017,2,38.531549999999996,-89.5338,0,0,1233,0.16220600162206,2017-10-01
32 Auto,10,2017,10,39.64826,-78.00614,0,1,1233,0.8110300081103001,2017-10-01
357 Mag,10,2017,19,40.718929411764705,-86.14902352941175,2,1,1233,1.5409570154095702,2017-10-01
38 Spl,10,2017,37,39.145181818181825,-88.40045454545454,2,4,1233,3.0008110300081103,2017-10-01
380 Auto,10,2017,44,37.718857142857146,-83.11832619047621,6,5,1233,3.5685320356853203,2017-10-01
40 SW,10,2017,54,38.0625612244898,-86.29356734693877,10,16,1233,4.37956204379562,2017-10-01
410 gauge,10,2017,3,43.9291,-70.32554999999999,0,2,1233,0.24330900243309003,2017-10-01
44 Mag,10,2017,5,44.545,-123.90025,2,1,1233,0.40551500405515006,2017-10-01
45 Auto,10,2017,50,37.9011836734694,-87.90800816326531,6,8,1233,4.0551500405515,2017-10-01
9mm,10,2017,149,39.48150296296295,-84.95427407407408,13,26,1233,12.084347120843471,2017-10-01
Handgun,10,2017,536,39.51062370062369,-90.27864407484408,54,94,1233,43.47120843471208,2017-10-01
Other,10,2017,11,40.02007272727273,-88.60830909090909,0,0,1233,0.8921330089213301,2017-10-01
Rifle,10,2017,106,37.99650303030303,-91.49164444444443,17,21,1233,8.59691808596918,2017-10-01
Shotgun,10,2017,88,38.5181423076923,-88.71182820512821,5,22,1233,7.137064071370641,2017-10-01
10mm,11,2015,1,,,1,0,1266,0.07898894154818326,2015-11-01
12 gauge,11,2015,29,39.94203928571428,-88.24715714285716,3,10,1266,2.2906793048973144,2015-11-01
20 gauge,11,2015,6,36.996316666666665,-84.40958333333333,0,3,1266,0.47393364928909953,2015-11-01
22 LR,11,2015,60,39.49206949152542,-85.08114406779661,11,15,1266,4.739336492890995,2015-11-01
25 Auto,11,2015,10,36.71438,-79.45605,0,2,1266,0.7898894154818326,2015-11-01
30-06 Spr,11,2015,3,48.862433333333335,-109.25959999999999,1,1,1266,0.23696682464454977,2015-11-01
30-30 Win,11,2015,3,41.3294,-95.67923333333333,0,0,1266,0.23696682464454977,2015-11-01
300 Win,11,2015,1,48.7896,-122.509,0,0,1266,0.07898894154818326,2015-11-01
308 Win,11,2015,1,42.8217,-87.949,1,0,1266,0.07898894154818326,2015-11-01
32 Auto,11,2015,10,39.76105,-77.42284,0,2,1266,0.7898894154818326,2015-11-01
357 Mag,11,2015,17,41.709076470588236,-86.02375294117647,2,4,1266,1.3428120063191153,2015-11-01
38 Spl,11,2015,41,41.38909512195122,-86.33439268292685,2,5,1266,3.2385466034755135,2015-11-01
380 Auto,11,2015,37,38.4627787878788,-78.93347878787878,2,6,1266,2.9225908372827805,2015-11-01
40 SW,11,2015,58,40.205500000000015,-86.26271296296296,4,5,1266,4.581358609794629,2015-11-01
410 gauge,11,2015,1,43.1791,-77.6015,0,0,1266,0.07898894154818326,2015-11-01
44 Mag,11,2015,6,45.37244,-102.44688,1,1,1266,0.47393364928909953,2015-11-01
45 Auto,11,2015,46,39.911658139534886,-91.26505581395351,5,2,1266,3.6334913112164298,2015-11-01
9mm,11,2015,127,39.92538852459018,-82.30776393442625,15,23,1266,10.031595576619273,2015-11-01
Handgun,11,2015,531,38.32817712665404,-89.89167240075612,76,116,1266,41.943127962085306,2015-11-01
Other,11,2015,29,38.55217241379311,-81.3414620689655,2,8,1266,2.2906793048973144,2015-11-01
Rifle,11,2015,154,38.55103790849674,-90.15852875816991,20,15,1266,12.164296998420221,2015-11-01
Shotgun,11,2015,95,40.18332000000001,-87.38620000000002,11,15,1266,7.503949447077409,2015-11-01
10mm,11,2016,1,41.5295,-87.3349,1,1,1287,0.0777000777000777,2016-11-01
12 gauge,11,2016,34,38.41640357142857,-88.47460357142857,3,9,1287,2.641802641802642,2016-11-01
20 gauge,11,2016,7,38.67111666666667,-91.62698333333333,0,1,1287,0.5439005439005439,2016-11-01
22 LR,11,2016,60,41.75745961538461,-88.31709999999998,8,16,1287,4.662004662004662,2016-11-01
25 Auto,11,2016,12,35.578541666666666,-84.963075,0,2,1287,0.9324009324009324,2016-11-01
30-06 Spr,11,2016,2,64.8383,-147.72,0,0,1287,0.1554001554001554,2016-11-01
30-30 Win,11,2016,4,43.14875,-78.60294999999999,3,2,1287,0.3108003108003108,2016-11-01
308 Win,11,2016,3,38.17796666666666,-76.2834,0,1,1287,0.2331002331002331,2016-11-01
32 Auto,11,2016,6,41.79951666666667,-76.38913333333333,0,0,1287,0.4662004662004662,2016-11-01
357 Mag,11,2016,19,37.418018749999995,-92.02329999999999,3,4,1287,1.4763014763014763,2016-11-01
38 Spl,11,2016,32,39.527233333333335,-89.3043,2,3,1287,2.4864024864024863,2016-11-01
380 Auto,11,2016,44,38.40264390243902,-83.73172926829268,7,6,1287,3.4188034188034186,2016-11-01
40 SW,11,2016,71,38.90009516129031,-84.00732258064517,4,11,1287,5.516705516705517,2016-11-01
410 gauge,11,2016,2,40.50645,-109.25565,0,0,1287,0.1554001554001554,2016-11-01
44 Mag,11,2016,3,38.360733333333336,-88.51696666666668,0,0,1287,0.2331002331002331,2016-11-01
45 Auto,11,2016,61,39.384874,-88.850538,8,10,1287,4.73970473970474,2016-11-01
9mm,11,2016,142,38.618220689655146,-85.74399482758616,17,35,1287,11.033411033411033,2016-11-01
Handgun,11,2016,519,36.73274172661873,-91.30620935251793,95,137,1287,40.32634032634033,2016-11-01
Other,11,2016,24,41.94107142857142,-95.79930952380953,4,6,1287,1.8648018648018647,2016-11-01
Rifle,11,2016,134,37.67115818181819,-95.16770909090913,22,32,1287,10.411810411810412,2016-11-01
Shotgun,11,2016,107,37.93062580645161,-93.47992043010754,11,18,1287,8.313908313908314,2016-11-01
10mm,11,2017,2,38.83255,-77.003,0,0,1243,0.16090104585679807,2017-11-01
12 gauge,11,2017,20,39.689347368421046,-85.52906842105263,3,5,1243,1.6090104585679808,2017-11-01
16 gauge,11,2017,2,34.143,-80.50485,1,0,1243,0.16090104585679807,2017-11-01
20 gauge,11,2017,5,41.4209,-79.74958000000001,0,1,1243,0.4022526146419952,2017-11-01
22 LR,11,2017,68,38.918023880597026,-87.64943582089553,34,34,1243,5.470635559131134,2017-11-01
25 Auto,11,2017,8,38.970771428571425,-87.3374857142857,2,1,1243,0.6436041834271923,2017-11-01
30-06 Spr,11,2017,2,35.811099999999996,-94.65535,1,0,1243,0.16090104585679807,2017-11-01
30-30 Win,11,2017,1,,,0,1,1243,0.08045052292839903,2017-11-01
308 Win,11,2017,3,36.816966666666666,-92.30829999999999,0,0,1243,0.2413515687851971,2017-11-01
32 Auto,11,2017,8,39.32684285714286,-83.38461428571428,0,0,1243,0.6436041834271923,2017-11-01
357 Mag,11,2017,13,38.53175384615385,-88.01682307692307,0,3,1243,1.0458567980691875,2017-11-01
38 Spl,11,2017,40,37.96036666666667,-82.63489999999999,0,5,1243,3.2180209171359615,2017-11-01
380 Auto,11,2017,52,38.207787999999994,-83.88664400000002,0,8,1243,4.18342719227675,2017-11-01
40 SW,11,2017,67,39.106906349206355,-82.25736507936504,12,18,1243,5.390185036202736,2017-11-01
410 gauge,11,2017,2,38.52485,-81.2288,0,1,1243,0.16090104585679807,2017-11-01
44 Mag,11,2017,2,43.197649999999996,-91.0994,0,0,1243,0.16090104585679807,2017-11-01
45 Auto,11,2017,65,39.32339538461539,-85.25950307692304,11,25,1243,5.229283990345937,2017-11-01
9mm,11,2017,157,38.675537419354825,-82.04433677419355,42,38,1243,12.630732099758648,2017-11-01
Handgun,11,2017,498,39.48535877378433,-89.92738921775907,64,124,1243,40.064360418342716,2017-11-01
Other,11,2017,39,38.13042894736841,-84.60785789473687,4,2,1243,3.1375703942075623,2017-11-01
Rifle,11,2017,99,39.70731632653064,-98.94981530612252,42,42,1243,7.964601769911504,2017-11-01
Shotgun,11,2017,90,39.10096931818183,-95.33275227272726,9,20,1243,7.240547063555913,2017-11-01
10mm,12,2015,1,42.2083,-72.606,0,0,1314,0.076103500761035,2015-12-01
12 gauge,12,2015,34,38.891232352941174,-90.38062647058823,4,3,1314,2.5875190258751903,2015-12-01
16 gauge,12,2015,2,38.8848,-100.711,0,0,1314,0.15220700152207,2015-12-01
20 gauge,12,2015,7,34.664300000000004,-85.50271666666669,0,1,1314,0.532724505327245,2015-12-01
22 LR,12,2015,84,40.110056097560964,-86.64750487804878,8,17,1314,6.392694063926941,2015-12-01
25 Auto,12,2015,17,38.4665705882353,-80.30508235294117,0,2,1314,1.2937595129375952,2015-12-01
28 gauge,12,2015,1,39.3661,-84.4441,0,0,1314,0.076103500761035,2015-12-01
30-06 Spr,12,2015,1,64.8383,-147.72,0,0,1314,0.076103500761035,2015-12-01
30-30 Win,12,2015,4,41.53345,-80.6353,0,0,1314,0.30441400304414,2015-12-01
308 Win,12,2015,4,43.66765000000001,-115.26389999999999,0,0,1314,0.30441400304414,2015-12-01
32 Auto,12,2015,11,39.6641090909091,-82.8666909090909,0,2,1314,0.837138508371385,2015-12-01
357 Mag,12,2015,23,38.711326086956525,-80.36797826086956,4,3,1314,1.7503805175038052,2015-12-01
38 Spl,12,2015,40,39.18563076923077,-83.6818923076923,4,3,1314,3.0441400304414,2015-12-01
380 Auto,12,2015,41,38.72224634146341,-81.4915682926829,5,7,1314,3.1202435312024352,2015-12-01
40 SW,12,2015,47,40.16777555555556,-85.32184000000001,3,8,1314,3.5768645357686455,2015-12-01
44 Mag,12,2015,6,45.629766666666676,-91.5259,0,0,1314,0.45662100456621,2015-12-01
45 Auto,12,2015,54,38.29425769230768,-87.84376153846155,7,8,1314,4.109589041095891,2015-12-01
9mm,12,2015,129,39.23842677165353,-84.4818094488189,43,59,1314,9.817351598173516,2015-12-01
Handgun,12,2015,567,38.651966547406126,-88.9239327370303,69,123,1314,43.15068493150685,2015-12-01
Other,12,2015,26,40.39613599999999,-92.74137599999999,0,9,1314,1.97869101978691,2015-12-01
Rifle,12,2015,108,38.607583333333324,-95.47713888888886,11,7,1314,8.219178082191782,2015-12-01
Shotgun,12,2015,107,39.24756603773585,-89.6038103773585,17,23,1314,8.143074581430746,2015-12-01
10mm,12,2016,1,40.6376,-73.9279,0,0,1607,0.06222775357809583,2016-12-01
12 gauge,12,2016,27,37.973075,-87.22424166666667,1,6,1607,1.6801493466085875,2016-12-01
16 gauge,12,2016,1,43.6169,-116.201,0,0,1607,0.06222775357809583,2016-12-01
20 gauge,12,2016,7,36.85518571428571,-90.14935714285714,2,3,1607,0.4355942750466708,2016-12-01
22 LR,12,2016,69,38.026988135593236,-87.08163050847459,8,7,1607,4.293714996888612,2016-12-01
25 Auto,12,2016,13,38.31063846153846,-82.81883076923076,0,2,1607,0.8089607965152458,2016-12-01
30-06 Spr,12,2016,3,29.959699999999998,-83.68955,1,1,1607,0.18668326073428748,2016-12-01
30-30 Win,12,2016,1,36.3275,-83.1279,0,0,1607,0.06222775357809583,2016-12-01
300 Win,12,2016,1,,,0,0,1607,0.06222775357809583,2016-12-01
308 Win,12,2016,3,38.11273333333333,-82.82260000000001,1,0,1607,0.18668326073428748,2016-12-01
32 Auto,12,2016,15,38.715046666666666,-82.99089333333333,3,2,1607,0.9334163036714375,2016-12-01
357 Mag,12,2016,24,38.067808695652175,-89.83679130434783,3,4,1607,1.4934660858742999,2016-12-01
38 Spl,12,2016,33,36.43220833333334,-87.76575416666667,5,7,1607,2.0535158680771626,2016-12-01
380 Auto,12,2016,38,37.70792162162162,-82.36188108108105,1,2,1607,2.3646546359676415,2016-12-01
40 SW,12,2016,63,39.155249999999995,-86.6691733333333,7,10,1607,3.9203484754200373,2016-12-01
410 gauge,12,2016,4,34.6616,-92.3929,0,1,1607,0.24891101431238333,2016-12-01
44 Mag,12,2016,2,41.87775,-83.63895,1,0,1607,0.12445550715619166,2016-12-01
45 Auto,12,2016,67,39.31672833333332,-89.34034333333334,5,8,1607,4.16925948973242,2016-12-01
9mm,12,2016,149,38.969022222222236,-87.17054592592591,17,17,1607,9.271935283136278,2016-12-01
Handgun,12,2016,727,36.45113191489368,-89.59736352583569,82,188,1607,45.23957685127567,2016-12-01
Other,12,2016,23,36.9174,-92.29635999999999,0,1,1607,1.4312383322962041,2016-12-01
Rifle,12,2016,194,36.25916612903226,-92.45489032258057,12,21,1607,12.07218419415059,2016-12-01
Shotgun,12,2016,142,36.8523935483871,-91.9000556451612,21,28,1607,8.836341008089608,2016-12-01
10mm,12,2017,1,42.2914,-71.0761,0,0,1285,0.07782101167315175,2017-12-01
12 gauge,12,2017,41,38.29897560975611,-85.54184634146345,0,3,1285,3.190661478599222,2017-12-01
16 gauge,12,2017,1,39.3015,-76.6386,0,0,1285,0.07782101167315175,2017-12-01
20 gauge,12,2017,9,38.53452222222222,-81.71744444444445,2,2,1285,0.7003891050583657,2017-12-01
22 LR,12,2017,75,38.674472222222235,-86.59250138888888,7,14,1285,5.836575875486381,2017-12-01
25 Auto,12,2017,11,36.70921818181818,-86.12762727272728,0,1,1285,0.8560311284046692,2017-12-01
30-06 Spr,12,2017,1,33.6697,-93.6024,0,0,1285,0.07782101167315175,2017-12-01
30-30 Win,12,2017,3,39.67883333333334,-79.77893333333334,0,1,1285,0.23346303501945526,2017-12-01
308 Win,12,2017,3,36.7962,-80.14643333333333,0,0,1285,0.23346303501945526,2017-12-01
32 Auto,12,2017,10,40.06915,-86.59164,0,0,1285,0.7782101167315175,2017-12-01
357 Mag,12,2017,16,40.22821428571429,-80.00860714285714,0,0,1285,1.245136186770428,2017-12-01
38 Spl,12,2017,39,39.37805641025642,-78.85608717948718,1,3,1285,3.035019455252918,2017-12-01
380 Auto,12,2017,43,39.4283581395349,-93.89387441860465,1,5,1285,3.3463035019455254,2017-12-01
40 SW,12,2017,65,38.875366153846166,-84.17948000000001,4,8,1285,5.058365758754864,2017-12-01
44 Mag,12,2017,3,42.66983333333334,-89.31073333333332,1,0,1285,0.23346303501945526,2017-12-01
45 Auto,12,2017,64,38.829972580645155,-86.64880645161291,4,6,1285,4.980544747081712,2017-12-01
9mm,12,2017,158,39.00888917197451,-86.69426369426748,9,18,1285,12.295719844357977,2017-12-01
Handgun,12,2017,531,40.283294150943334,-94.75403264150937,58,119,1285,41.32295719844358,2017-12-01
Other,12,2017,27,38.92555185185185,-79.9467888888889,0,1,1285,2.1011673151750974,2017-12-01
Rifle,12,2017,101,39.27940792079206,-98.84908316831687,10,20,1285,7.8599221789883265,2017-12-01
Shotgun,12,2017,83,39.407215662650586,-94.04194939759037,10,24,1285,6.4591439688715955,2017-12-01
12 gauge,1,2014,5,34.6746,-94.93878000000001,1,1,81,6.172839506172839,2014-01-01
16 gauge,1,2014,1,42.0999,-72.5896,0,0,81,1.2345679012345678,2014-01-01
22 LR,1,2014,7,37.014585714285715,-87.19738571428572,0,6,81,8.641975308641975,2014-01-01
25 Auto,1,2014,1,41.0994,-73.5161,0,0,81,1.2345679012345678,2014-01-01
30-30 Win,1,2014,2,36.5986,-88.8303,3,0,81,2.4691358024691357,2014-01-01
308 Win,1,2014,1,36.0859,-90.6228,0,1,81,1.2345679012345678,2014-01-01
32 Auto,1,2014,1,41.0994,-73.5161,0,0,81,1.2345679012345678,2014-01-01
357 Mag,1,2014,5,41.17438,-86.993,2,5,81,6.172839506172839,2014-01-01
38 Spl,1,2014,6,37.5813,-77.39965,0,4,81,7.407407407407407,2014-01-01
380 Auto,1,2014,1,42.9995,-73.8028,0,0,81,1.2345679012345678,2014-01-01
40 SW,1,2014,3,45.522099999999995,-122.7765,1,4,81,3.7037037037037037,2014-01-01
410 gauge,1,2014,1,35.0528,-106.729,0,1,81,1.2345679012345678,2014-01-01
45 Auto,1,2014,8,37.919462499999995,-86.0373625,2,3,81,9.876543209876543,2014-01-01
9mm,1,2014,7,37.726214285714285,-94.94554285714285,3,3,81,8.641975308641975,2014-01-01
Handgun,1,2014,20,39.804829999999995,-90.02517,3,12,81,24.691358024691358,2014-01-01
Other,1,2014,2,43.093,-79.0543,0,0,81,2.4691358024691357,2014-01-01
Rifle,1,2014,6,42.108533333333334,-96.45653333333333,0,5,81,7.407407407407407,2014-01-01
Shotgun,1,2014,4,40.081975,-81.684725,3,0,81,4.938271604938271,2014-01-01
12 gauge,1,2018,21,39.27304736842105,-98.90623684210524,2,1,1240,1.6935483870967742,2018-01-01
16 gauge,1,2018,2,40.88065,-76.8089,0,0,1240,0.16129032258064516,2018-01-01
20 gauge,1,2018,6,41.35288333333333,-87.30998333333332,0,1,1240,0.4838709677419355,2018-01-01
22 LR,1,2018,86,39.683127380952364,-86.82477142857147,9,10,1240,6.935483870967742,2018-01-01
25 Auto,1,2018,12,39.68014545454545,-82.63996363636363,0,1,1240,0.967741935483871,2018-01-01
30-30 Win,1,2018,2,41.66875,-80.27235,3,0,1240,0.16129032258064516,2018-01-01
300 Win,1,2018,2,39.2723,-94.54655,1,0,1240,0.16129032258064516,2018-01-01
308 Win,1,2018,5,38.8493,-93.80058000000001,5,0,1240,0.4032258064516129,2018-01-01
32 Auto,1,2018,9,39.45217777777778,-82.6502,0,0,1240,0.7258064516129032,2018-01-01
357 Mag,1,2018,13,39.84314166666667,-86.91766666666668,0,0,1240,1.0483870967741935,2018-01-01
38 Spl,1,2018,38,39.14022702702704,-83.88875135135136,5,2,1240,3.064516129032258,2018-01-01
380 Auto,1,2018,42,39.77741707317073,-85.93180487804878,5,3,1240,3.3870967741935485,2018-01-01
40 SW,1,2018,60,38.19220499999999,-83.58938666666664,3,9,1240,4.838709677419355,2018-01-01
44 Mag,1,2018,2,41.530249999999995,-73.37795,0,0,1240,0.16129032258064516,2018-01-01
45 Auto,1,2018,52,39.60730196078432,-85.38254509803923,10,8,1240,4.193548387096774,2018-01-01
9mm,1,2018,177,39.238241242937825,-83.49717966101693,25,32,1240,14.274193548387096,2018-01-01
Handgun,1,2018,505,38.960856487025964,-89.60182974051911,45,99,1240,40.725806451612904,2018-01-01
Other,1,2018,16,39.91720625,-92.72889375,0,2,1240,1.2903225806451613,2018-01-01
Rifle,1,2018,110,38.88295636363636,-94.27762181818184,6,17,1240,8.870967741935484,2018-01-01
Shotgun,1,2018,80,39.17267848101263,-90.28972278481014,8,12,1240,6.451612903225806,2018-01-01
12 gauge,2,2013,1,33.8031,-117.943,4,3,5,20.0,2013-02-01
45 Auto,2,2013,1,39.7407,-75.5499,3,2,5,20.0,2013-02-01
9mm,2,2013,1,39.1236,-121.583,1,3,5,20.0,2013-02-01
Handgun,2,2013,2,32.518299999999996,-89.97735,0,9,5,40.0,2013-02-01
12 gauge,2,2015,32,39.49497812499999,-87.41915937499999,6,4,1102,2.9038112522686026,2015-02-01
20 gauge,2,2015,2,37.9031,-83.356,0,0,1102,0.18148820326678766,2015-02-01
22 LR,2,2015,86,38.306667441860455,-91.30121395348837,5,8,1102,7.80399274047187,2015-02-01
25 Auto,2,2015,13,37.124707692307695,-88.05705384615385,0,2,1102,1.1796733212341197,2015-02-01
30-06 Spr,2,2015,1,41.0492,-123.677,0,0,1102,0.09074410163339383,2015-02-01
30-30 Win,2,2015,3,36.5186,-120.16566666666665,0,0,1102,0.27223230490018147,2015-02-01
308 Win,2,2015,2,37.2629,-79.40690000000001,1,0,1102,0.18148820326678766,2015-02-01
32 Auto,2,2015,13,38.21913076923077,-91.33377692307691,0,0,1102,1.1796733212341197,2015-02-01
357 Mag,2,2015,25,40.078056000000004,-92.02808799999998,2,4,1102,2.268602540834846,2015-02-01
38 Spl,2,2015,55,36.56709629629629,-90.38815185185184,8,8,1102,4.99092558983666,2015-02-01
380 Auto,2,2015,86,36.84997441860466,-91.92936162790696,1,5,1102,7.80399274047187,2015-02-01
40 SW,2,2015,45,37.845251162790696,-93.55676279069768,8,6,1102,4.083484573502722,2015-02-01
410 gauge,2,2015,2,40.968900000000005,-99.36235,0,0,1102,0.18148820326678766,2015-02-01
44 Mag,2,2015,2,38.1472,-96.55799999999999,0,0,1102,0.18148820326678766,2015-02-01
45 Auto,2,2015,55,36.18703272727272,-91.79634545454542,16,8,1102,4.99092558983666,2015-02-01
9mm,2,2015,130,37.70483984375001,-91.26426640624992,23,14,1102,11.796733212341199,2015-02-01
Handgun,2,2015,357,37.9794834269663,-87.08114382022481,83,78,1102,32.3956442831216,2015-02-01
Other,2,2015,20,37.02197,-87.28371500000002,1,4,1102,1.8148820326678765,2015-02-01
Rifle,2,2015,102,36.92984607843137,-86.05215882352941,33,18,1102,9.255898366606171,2015-02-01
Shotgun,2,2015,71,39.488861428571425,-86.9861128571428,15,14,1102,6.442831215970962,2015-02-01
12 gauge,2,2016,27,39.46902962962963,-90.59736666666667,3,1,1536,1.7578125,2016-02-01
20 gauge,2,2016,6,38.17386666666667,-85.12996666666666,0,1,1536,0.390625,2016-02-01
22 LR,2,2016,87,38.868542528735645,-89.86507356321842,6,14,1536,5.6640625,2016-02-01
25 Auto,2,2016,19,36.7897052631579,-82.6714947368421,2,1,1536,1.2369791666666667,2016-02-01
30-06 Spr,2,2016,1,41.8342,-113.153,1,0,1536,0.06510416666666667,2016-02-01
30-30 Win,2,2016,2,38.886250000000004,-80.49095,0,0,1536,0.13020833333333334,2016-02-01
300 Win,2,2016,1,46.629,-114.005,0,0,1536,0.06510416666666667,2016-02-01
308 Win,2,2016,3,35.90033333333333,-81.012,0,0,1536,0.1953125,2016-02-01
32 Auto,2,2016,24,38.79844583333333,-85.0362125,3,6,1536,1.5625,2016-02-01
357 Mag,2,2016,32,40.692261290322584,-85.79827096774194,2,5,1536,2.0833333333333335,2016-02-01
38 Spl,2,2016,45,39.15031777777777,-84.19664000000003,5,7,1536,2.9296875,2016-02-01
380 Auto,2,2016,78,37.14836493506493,-88.54418181818181,11,9,1536,5.078125,2016-02-01
40 SW,2,2016,65,38.1123453125,-90.0023796875,12,26,1536,4.231770833333333,2016-02-01
410 gauge,2,2016,2,40.7324,-94.61165,0,0,1536,0.13020833333333334,2016-02-01
44 Mag,2,2016,4,41.914925,-92.05215,0,1,1536,0.2604166666666667,2016-02-01
45 Auto,2,2016,59,38.393482758620685,-88.6979482758621,8,9,1536,3.8411458333333335,2016-02-01
9mm,2,2016,157,38.79345128205127,-86.22519551282053,21,43,1536,10.221354166666666,2016-02-01
Handgun,2,2016,739,38.871367943262534,-90.15544340425532,83,147,1536,48.111979166666664,2016-02-01
Other,2,2016,17,38.798458823529415,-85.44395294117646,1,1,1536,1.1067708333333333,2016-02-01
Rifle,2,2016,88,38.722432183908055,-95.2426298850575,22,14,1536,5.729166666666667,2016-02-01
Shotgun,2,2016,80,39.658794871794875,-94.02821025641025,21,28,1536,5.208333333333333,2016-02-01
12 gauge,2,2018,16,37.81666875,-86.31298124999999,0,0,1231,1.2997562956945572,2018-02-01
20 gauge,2,2018,3,41.37956666666667,-87.13733333333333,1,0,1231,0.2437043054427295,2018-02-01
22 LR,2,2018,57,40.235018181818184,-88.70077272727269,2,8,1231,4.6303818034118605,2018-02-01
25 Auto,2,2018,15,39.11412142857142,-80.3887,0,0,1231,1.2185215272136474,2018-02-01
30-06 Spr,2,2018,1,44.9432,-74.8931,0,0,1231,0.08123476848090982,2018-02-01
300 Win,2,2018,2,33.089749999999995,-84.6951,0,0,1231,0.16246953696181965,2018-02-01
308 Win,2,2018,1,41.0823,-104.808,0,0,1231,0.08123476848090982,2018-02-01
32 Auto,2,2018,9,40.83615,-76.82823750000001,0,1,1231,0.7311129163281884,2018-02-01
357 Mag,2,2018,12,37.639783333333334,-85.05055,0,3,1231,0.974817221770918,2018-02-01
38 Spl,2,2018,40,37.694248484848494,-86.63832121212123,2,4,1231,3.249390739236393,2018-02-01
380 Auto,2,2018,46,38.06207906976744,-81.9416441860465,7,11,1231,3.736799350121852,2018-02-01
40 SW,2,2018,48,39.67520222222221,-84.52917555555557,2,5,1231,3.899268887083672,2018-02-01
410 gauge,2,2018,1,40.0242,-94.9755,0,0,1231,0.08123476848090982,2018-02-01
44 Mag,2,2018,4,40.974799999999995,-80.85166666666667,0,1,1231,0.3249390739236393,2018-02-01
45 Auto,2,2018,38,39.810787878787885,-82.61601515151519,7,7,1231,3.0869212022745733,2018-02-01
9mm,2,2018,138,39.33127265625002,-81.70501249999998,17,8,1231,11.210398050365557,2018-02-01
Handgun,2,2018,532,38.2574908,-89.4710422000001,73,96,1231,43.21689683184403,2018-02-01
Other,2,2018,27,37.086656000000005,-95.603028,0,0,1231,2.1933387489845653,2018-02-01
Rifle,2,2018,149,37.94366319444445,-88.47872013888887,12,11,1231,12.103980503655565,2018-02-01
Shotgun,2,2018,92,38.144008988764035,-93.82130112359557,15,10,1231,7.473598700243704,2018-02-01
12 gauge,4,2015,25,37.24380416666667,-92.07611250000002,5,1,1410,1.7730496453900708,2015-04-01
20 gauge,4,2015,3,38.07406666666667,-91.80623333333334,1,1,1410,0.2127659574468085,2015-04-01
22 LR,4,2015,99,39.88365918367346,-90.29558979591835,13,11,1410,7.0212765957446805,2015-04-01
25 Auto,4,2015,32,38.79818124999999,-81.91111249999999,2,5,1410,2.269503546099291,2015-04-01
28 gauge,4,2015,1,35.6349,-88.8081,0,1,1410,0.07092198581560284,2015-04-01
30-06 Spr,4,2015,3,57.26636666666667,-136.72366666666667,0,0,1410,0.2127659574468085,2015-04-01
30-30 Win,4,2015,1,44.811,-73.1556,0,0,1410,0.07092198581560284,2015-04-01
32 Auto,4,2015,13,39.93112307692308,-85.67480769230768,0,2,1410,0.9219858156028369,2015-04-01
357 Mag,4,2015,22,40.31840454545454,-95.34263636363636,1,3,1410,1.5602836879432624,2015-04-01
38 Spl,4,2015,54,36.883859259259246,-92.03011296296293,2,7,1410,3.8297872340425534,2015-04-01
380 Auto,4,2015,96,37.011678124999996,-89.4780020833333,2,3,1410,6.808510638297872,2015-04-01
40 SW,4,2015,76,37.44236266666667,-87.98850933333334,4,9,1410,5.390070921985815,2015-04-01
410 gauge,4,2015,2,38.595749999999995,-85.4838,0,0,1410,0.14184397163120568,2015-04-01
44 Mag,4,2015,8,37.9338375,-94.57260000000001,2,0,1410,0.5673758865248227,2015-04-01
45 Auto,4,2015,61,38.37935245901639,-90.52587704918035,9,9,1410,4.326241134751773,2015-04-01
9mm,4,2015,176,38.001208620689646,-88.11169942528734,10,20,1410,12.4822695035461,2015-04-01
Handgun,4,2015,524,38.475260919540254,-88.2439067049807,84,127,1410,37.163120567375884,2015-04-01
Other,4,2015,29,37.29478620689656,-90.74541379310345,4,2,1410,2.0567375886524824,2015-04-01
Rifle,4,2015,85,40.03674470588234,-93.83022352941177,5,12,1410,6.028368794326241,2015-04-01
Shotgun,4,2015,100,38.38901212121212,-90.33274242424245,12,19,1410,7.092198581560283,2015-04-01
12 gauge,5,2014,1,33.5028,-82.0412,0,0,108,0.9259259259259259,2014-05-01
16 gauge,5,2014,1,43.531,-70.9205,0,0,108,0.9259259259259259,2014-05-01
20 gauge,5,2014,1,30.3999,-87.8524,0,1,108,0.9259259259259259,2014-05-01
22 LR,5,2014,10,40.483050000000006,-93.85443,5,1,108,9.25925925925926,2014-05-01
25 Auto,5,2014,2,35.317,-80.6271,0,0,108,1.8518518518518519,2014-05-01
32 Auto,5,2014,3,41.711166666666664,-87.73546666666665,0,0,108,2.7777777777777777,2014-05-01
38 Spl,5,2014,5,37.44584,-86.99454,0,1,108,4.62962962962963,2014-05-01
380 Auto,5,2014,5,37.68231999999999,-84.12557999999999,0,2,108,4.62962962962963,2014-05-01
40 SW,5,2014,6,35.50432,-94.40776,5,8,108,5.555555555555555,2014-05-01
44 Mag,5,2014,1,32.6386,-117.061,0,0,108,0.9259259259259259,2014-05-01
45 Auto,5,2014,1,28.7384,-81.1152,0,0,108,0.9259259259259259,2014-05-01
9mm,5,2014,11,39.2798,-91.35401999999999,4,3,108,10.185185185185185,2014-05-01
Handgun,5,2014,33,39.69112258064516,-89.34805806451614,11,2,108,30.555555555555557,2014-05-01
Other,5,2014,3,37.82373333333334,-95.99243333333334,0,0,108,2.7777777777777777,2014-05-01
Rifle,5,2014,12,42.575925,-88.65533333333333,2,3,108,11.11111111111111,2014-05-01
Shotgun,5,2014,13,39.00374615384616,-107.4997076923077,8,4,108,12.037037037037036,2014-05-01
12 gauge,6,2015,24,39.72914583333334,-81.808325,4,3,1483,1.6183412002697235,2015-06-01
20 gauge,6,2015,2,39.103049999999996,-77.61645,1,0,1483,0.13486176668914363,2015-06-01
22 LR,6,2015,89,37.86574204545456,-90.40029659090906,6,21,1483,6.001348617666891,2015-06-01
25 Auto,6,2015,12,40.875908333333335,-90.32107500000001,0,0,1483,0.8091706001348618,2015-06-01
30-06 Spr,6,2015,3,55.18376666666666,-126.2127,0,1,1483,0.20229265003371544,2015-06-01
30-30 Win,6,2015,2,44.1944,-92.98945,0,0,1483,0.13486176668914363,2015-06-01
300 Win,6,2015,1,32.5305,-81.7762,0,0,1483,0.06743088334457181,2015-06-01
308 Win,6,2015,4,37.34725,-94.458925,1,0,1483,0.26972353337828725,2015-06-01
32 Auto,6,2015,13,35.35754615384615,-85.64119230769231,0,3,1483,0.8766014834794336,2015-06-01
357 Mag,6,2015,17,38.88342941176471,-91.75204705882352,1,3,1483,1.1463250168577208,2015-06-01
38 Spl,6,2015,72,38.63561594202897,-90.90279710144928,8,10,1483,4.8550236008091705,2015-06-01
380 Auto,6,2015,110,36.72407363636364,-90.47978090909088,5,6,1483,7.4173971679029,2015-06-01
40 SW,6,2015,77,37.262164935064945,-89.27641558441557,7,13,1483,5.192178017532029,2015-06-01
410 gauge,6,2015,4,43.302625,-100.5076,2,1,1483,0.26972353337828725,2015-06-01
44 Mag,6,2015,2,50.9169,-111.73814999999999,0,0,1483,0.13486176668914363,2015-06-01
45 Auto,6,2015,73,39.35955285714285,-91.31129428571428,19,11,1483,4.922454484153742,2015-06-01
9mm,6,2015,168,38.63242048192772,-87.90953253012053,13,19,1483,11.328388401888065,2015-06-01
Handgun,6,2015,570,38.294446714031984,-89.10734103019534,65,146,1483,38.43560350640593,2015-06-01
Other,6,2015,21,38.47878999999999,-88.627695,5,3,1483,1.416048550236008,2015-06-01
Rifle,6,2015,120,37.8708965217391,-88.63180086956524,12,19,1483,8.091706001348618,2015-06-01
Shotgun,6,2015,99,37.27464081632653,-88.13986326530608,9,38,1483,6.67565745111261,2015-06-01
12 gauge,7,2014,1,36.3262,-92.3814,0,1,66,1.5151515151515151,2014-07-01
20 gauge,7,2014,2,43.13465,-119.7475,0,1,66,3.0303030303030303,2014-07-01
22 LR,7,2014,6,38.2354,-82.78528333333334,2,1,66,9.090909090909092,2014-07-01
25 Auto,7,2014,4,42.729275,-87.198775,0,0,66,6.0606060606060606,2014-07-01
32 Auto,7,2014,4,40.689925,-76.55495,2,4,66,6.0606060606060606,2014-07-01
357 Mag,7,2014,1,37.8556,-122.484,2,0,66,1.5151515151515151,2014-07-01
38 Spl,7,2014,2,39.1398,-109.34440000000001,1,2,66,3.0303030303030303,2014-07-01
380 Auto,7,2014,1,39.9653,-76.7357,1,0,66,1.5151515151515151,2014-07-01
40 SW,7,2014,4,40.382999999999996,-90.72725,3,5,66,6.0606060606060606,2014-07-01
44 Mag,7,2014,1,41.9507,-87.7473,1,0,66,1.5151515151515151,2014-07-01
45 Auto,7,2014,2,39.609700000000004,-91.40764999999999,0,0,66,3.0303030303030303,2014-07-01
9mm,7,2014,12,37.03653333333333,-86.78870833333333,4,4,66,18.181818181818183,2014-07-01
Handgun,7,2014,17,38.27378823529413,-83.46047647058825,3,4,66,25.757575757575758,2014-07-01
Other,7,2014,1,32.5069,-94.7305,0,0,66,1.5151515151515151,2014-07-01
Rifle,7,2014,2,37.32325,-88.05835,1,1,66,3.0303030303030303,2014-07-01
Shotgun,7,2014,6,36.327216666666665,-91.27353333333333,1,0,66,9.090909090909092,2014-07-01
12 gauge,7,2016,22,39.00997619047619,-85.79109047619048,2,2,1519,1.4483212639894667,2016-07-01
16 gauge,7,2016,1,39.5103,-84.3452,0,0,1519,0.06583278472679395,2016-07-01
20 gauge,7,2016,3,38.75226666666667,-81.60436666666665,1,0,1519,0.19749835418038184,2016-07-01
22 LR,7,2016,66,38.71335312499999,-85.11408281249999,6,11,1519,4.3449637919684,2016-07-01
25 Auto,7,2016,12,38.15453333333334,-84.39310833333333,5,10,1519,0.7899934167215273,2016-07-01
30-30 Win,7,2016,1,42.5774,-71.7978,0,0,1519,0.06583278472679395,2016-07-01
300 Win,7,2016,1,32.5962,-86.7035,0,0,1519,0.06583278472679395,2016-07-01
308 Win,7,2016,3,36.57756666666666,-79.87236666666666,1,0,1519,0.19749835418038184,2016-07-01
32 Auto,7,2016,10,42.66968000000001,-84.45658999999999,0,1,1519,0.6583278472679395,2016-07-01
357 Mag,7,2016,20,40.21376666666666,-88.15940000000002,8,2,1519,1.316655694535879,2016-07-01
38 Spl,7,2016,40,38.11816052631578,-81.18224999999998,3,9,1519,2.633311389071758,2016-07-01
380 Auto,7,2016,51,38.48334200000001,-87.76481599999997,1,7,1519,3.3574720210664912,2016-07-01
40 SW,7,2016,49,40.25296666666667,-87.80834791666668,8,7,1519,3.225806451612903,2016-07-01
410 gauge,7,2016,2,44.15565,-80.5738,0,0,1519,0.1316655694535879,2016-07-01
44 Mag,7,2016,4,42.271475,-93.17739999999999,1,0,1519,0.2633311389071758,2016-07-01
45 Auto,7,2016,42,38.74978780487805,-89.57020731707314,6,8,1519,2.7649769585253456,2016-07-01
9mm,7,2016,147,38.541552142857135,-83.95688285714284,18,35,1519,9.67741935483871,2016-07-01
Handgun,7,2016,731,37.45090058910162,-88.61627879234163,117,247,1519,48.123765635286375,2016-07-01
Other,7,2016,30,36.38387586206896,-81.1443655172414,1,2,1519,1.9749835418038184,2016-07-01
Rifle,7,2016,140,38.348592805755395,-87.0941,26,71,1519,9.216589861751151,2016-07-01
Shotgun,7,2016,144,38.24553260869565,-93.29588695652174,15,41,1519,9.479921000658328,2016-07-01
12 gauge,8,2014,2,37.7197,-89.3186,2,0,96,2.0833333333333335,2014-08-01
22 LR,8,2014,13,39.868424999999995,-96.19598333333334,2,3,96,13.541666666666666,2014-08-01
32 Auto,8,2014,1,43.0223,-83.6868,0,0,96,1.0416666666666667,2014-08-01
357 Mag,8,2014,4,40.502900000000004,-78.627125,2,1,96,4.166666666666667,2014-08-01
38 Spl,8,2014,3,34.56536666666667,-98.23843333333333,3,1,96,3.125,2014-08-01
380 Auto,8,2014,4,36.81455,-83.807975,0,1,96,4.166666666666667,2014-08-01
40 SW,8,2014,5,43.62298,-95.48876,0,3,96,5.208333333333333,2014-08-01
45 Auto,8,2014,6,37.73988333333333,-97.18666666666667,2,2,96,6.25,2014-08-01
9mm,8,2014,14,41.07177142857143,-82.56169285714286,4,8,96,14.583333333333334,2014-08-01
Handgun,8,2014,25,37.407888,-87.40820400000001,5,11,96,26.041666666666668,2014-08-01
Other,8,2014,4,35.0236,-92.251275,1,3,96,4.166666666666667,2014-08-01
Rifle,8,2014,10,34.76385,-87.79776666666667,1,6,96,10.416666666666666,2014-08-01
Shotgun,8,2014,5,41.7667,-89.17084,1,2,96,5.208333333333333,2014-08-01
12 gauge,8,2017,22,37.76892857142857,-87.72619999999999,4,0,1340,1.6417910447761195,2017-08-01
16 gauge,8,2017,1,26.56,-80.1,0,0,1340,0.07462686567164178,2017-08-01
20 gauge,8,2017,3,41.66193333333333,-100.90256666666666,0,1,1340,0.22388059701492538,2017-08-01
22 LR,8,2017,80,38.06168356164383,-83.24458219178081,4,8,1340,5.970149253731344,2017-08-01
25 Auto,8,2017,14,38.540257142857136,-78.61681428571428,0,3,1340,1.044776119402985,2017-08-01
30-06 Spr,8,2017,1,48.144,-123.543,0,0,1340,0.07462686567164178,2017-08-01
30-30 Win,8,2017,3,36.3846,-86.23015,0,3,1340,0.22388059701492538,2017-08-01
300 Win,8,2017,1,30.6965,-88.044,0,0,1340,0.07462686567164178,2017-08-01
32 Auto,8,2017,11,39.00485,-79.31991,0,0,1340,0.8208955223880597,2017-08-01
357 Mag,8,2017,16,36.65,-84.2880142857143,0,2,1340,1.1940298507462686,2017-08-01
38 Spl,8,2017,37,38.96582424242424,-85.11886363636364,6,7,1340,2.7611940298507465,2017-08-01
380 Auto,8,2017,38,38.214522222222215,-84.84995555555555,6,5,1340,2.8358208955223883,2017-08-01
40 SW,8,2017,110,37.002256435643524,-94.27702376237622,6,13,1340,8.208955223880597,2017-08-01
410 gauge,8,2017,4,38.203625,-90.87774999999999,0,1,1340,0.29850746268656714,2017-08-01
44 Mag,8,2017,6,38.4022,-79.39691666666666,0,0,1340,0.44776119402985076,2017-08-01
45 Auto,8,2017,66,39.036495000000016,-83.25548500000001,9,7,1340,4.925373134328358,2017-08-01
9mm,8,2017,167,38.90875679012344,-84.40176296296295,16,27,1340,12.462686567164178,2017-08-01
Handgun,8,2017,519,39.08412510204084,-90.26240387755094,60,117,1340,38.73134328358209,2017-08-01
Other,8,2017,16,33.987399999999994,-84.65124285714286,0,0,1340,1.1940298507462686,2017-08-01
Rifle,8,2017,138,38.93985284552848,-94.4186772357724,15,37,1340,10.298507462686567,2017-08-01
Shotgun,8,2017,87,38.345320987654304,-96.78828888888889,11,16,1340,6.492537313432836,2017-08-01
12 gauge,9,2014,5,36.60238,-84.28828000000001,3,0,143,3.4965034965034967,2014-09-01
22 LR,9,2014,14,39.55942142857143,-95.12001428571429,1,3,143,9.79020979020979,2014-09-01
25 Auto,9,2014,3,38.425999999999995,-88.27003333333333,0,0,143,2.097902097902098,2014-09-01
30-06 Spr,9,2014,3,40.1858,-111.623,0,0,143,2.097902097902098,2014-09-01
30-30 Win,9,2014,1,42.0345,-71.1933,1,0,143,0.6993006993006993,2014-09-01
32 Auto,9,2014,1,36.1647,-86.816,0,0,143,0.6993006993006993,2014-09-01
38 Spl,9,2014,1,42.192,-121.727,0,0,143,0.6993006993006993,2014-09-01
380 Auto,9,2014,2,39.6057,-81.7065,0,2,143,1.3986013986013985,2014-09-01
40 SW,9,2014,8,38.5503,-83.869675,4,4,143,5.594405594405594,2014-09-01
410 gauge,9,2014,1,30.2339,-92.0094,0,0,143,0.6993006993006993,2014-09-01
44 Mag,9,2014,1,41.1419,-81.8639,0,0,143,0.6993006993006993,2014-09-01
45 Auto,9,2014,16,38.074743749999996,-94.13828125000002,1,4,143,11.188811188811188,2014-09-01
9mm,9,2014,13,38.83224166666667,-85.94680000000001,1,1,143,9.090909090909092,2014-09-01
Handgun,9,2014,38,39.49177222222222,-90.10330277777774,9,13,143,26.573426573426573,2014-09-01
Other,9,2014,10,36.98912999999999,-93.07262,0,0,143,6.993006993006993,2014-09-01
Rifle,9,2014,10,41.825925,-91.38702500000002,2,3,143,6.993006993006993,2014-09-01
Shotgun,9,2014,16,37.197256249999995,-93.640275,4,7,143,11.188811188811188,2014-09-01
12 gauge,9,2017,33,39.210596774193554,-88.97590967741935,0,6,1306,2.5267993874425727,2017-09-01
16 gauge,9,2017,5,39.5678,-92.32488000000001,0,0,1306,0.38284839203675347,2017-09-01
20 gauge,9,2017,11,40.169390909090914,-86.94891818181817,1,1,1306,0.8422664624808576,2017-09-01
22 LR,9,2017,63,39.90953934426228,-85.55735901639348,6,15,1306,4.823889739663094,2017-09-01
25 Auto,9,2017,8,41.593833333333336,-87.61006666666667,0,1,1306,0.6125574272588055,2017-09-01
30-06 Spr,9,2017,1,48.1569,-103.627,0,0,1306,0.07656967840735068,2017-09-01
30-30 Win,9,2017,4,41.987899999999996,-82.5918,0,0,1306,0.30627871362940273,2017-09-01
32 Auto,9,2017,8,39.52387142857143,-82.80017142857142,1,0,1306,0.6125574272588055,2017-09-01
357 Mag,9,2017,16,39.216621428571436,-79.46530714285713,0,0,1306,1.225114854517611,2017-09-01
38 Spl,9,2017,33,39.66037857142857,-87.4289142857143,3,6,1306,2.5267993874425727,2017-09-01
380 Auto,9,2017,50,38.188202222222216,-83.06532222222222,1,4,1306,3.8284839203675345,2017-09-01
40 SW,9,2017,58,39.891494339622646,-83.62890943396226,11,18,1306,4.44104134762634,2017-09-01
410 gauge,9,2017,2,40.9822,-91.99145,0,0,1306,0.15313935681470137,2017-09-01
44 Mag,9,2017,6,40.367066666666666,-94.9028,0,0,1306,0.45941807044410415,2017-09-01
45 Auto,9,2017,60,39.541364912280685,-85.78463859649119,4,3,1306,4.594180704441041,2017-09-01
9mm,9,2017,136,38.79204545454544,-82.84004545454546,12,16,1306,10.413476263399694,2017-09-01
Handgun,9,2017,578,39.414734026465,-88.00834385633254,56,120,1306,44.257274119448695,2017-09-01
Other,9,2017,31,41.1767125,-89.41270833333333,2,3,1306,2.3736600306278715,2017-09-01
Rifle,9,2017,130,37.4407963963964,-93.24944414414418,12,26,1306,9.95405819295559,2017-09-01
Shotgun,9,2017,73,39.91882903225808,-92.9408435483871,7,20,1306,5.5895865237366005,2017-09-01
12 gauge,10,2014,1,40.8987,-76.781,0,0,129,0.7751937984496124,2014-10-01
20 gauge,10,2014,1,42.138,-87.91,0,0,129,0.7751937984496124,2014-10-01
22 LR,10,2014,13,40.751607692307694,-81.78036153846155,4,1,129,10.077519379844961,2014-10-01
25 Auto,10,2014,1,42.3046,-75.4279,1,1,129,0.7751937984496124,2014-10-01
32 Auto,10,2014,3,34.57476666666666,-81.73186666666668,1,0,129,2.3255813953488373,2014-10-01
357 Mag,10,2014,5,39.2201,-83.14356000000001,0,0,129,3.875968992248062,2014-10-01
38 Spl,10,2014,11,37.36354545454546,-85.5743090909091,2,1,129,8.527131782945736,2014-10-01
380 Auto,10,2014,2,43.852199999999996,-95.46845,1,0,129,1.550387596899225,2014-10-01
40 SW,10,2014,8,43.41274285714286,-106.38289999999999,3,2,129,6.2015503875969,2014-10-01
44 Mag,10,2014,2,61.43155,-149.57,1,0,129,1.550387596899225,2014-10-01
45 Auto,10,2014,9,36.50063333333334,-91.47447777777778,0,2,129,6.976744186046512,2014-10-01
9mm,10,2014,18,37.18866666666667,-90.67314444444443,11,1,129,13.953488372093023,2014-10-01
Handgun,10,2014,30,39.059551724137926,-89.16282413793104,6,12,129,23.25581395348837,2014-10-01
Other,10,2014,7,42.36387142857143,-80.90452857142857,0,0,129,5.426356589147287,2014-10-01
Rifle,10,2014,13,37.755307692307696,-95.12970000000001,6,4,129,10.077519379844961,2014-10-01
Shotgun,10,2014,5,40.02942,-94.64092,2,0,129,3.875968992248062,2014-10-01
12 gauge,11,2014,3,45.77446666666666,-77.92433333333334,4,1,163,1.8404907975460123,2014-11-01
20 gauge,11,2014,1,46.6464,-67.8672,0,0,163,0.6134969325153374,2014-11-01
22 LR,11,2014,9,37.0687,-84.11332222222221,0,2,163,5.521472392638037,2014-11-01
25 Auto,11,2014,2,34.78725,-94.68575000000001,0,0,163,1.2269938650306749,2014-11-01
30-06 Spr,11,2014,1,44.7684,-91.2891,0,1,163,0.6134969325153374,2014-11-01
30-30 Win,11,2014,2,46.0972,-68.1092,0,1,163,1.2269938650306749,2014-11-01
357 Mag,11,2014,4,44.7026,-95.514825,2,0,163,2.4539877300613497,2014-11-01
38 Spl,11,2014,9,37.95897777777778,-88.1866888888889,0,2,163,5.521472392638037,2014-11-01
380 Auto,11,2014,10,36.50394,-83.03616,4,3,163,6.134969325153374,2014-11-01
40 SW,11,2014,13,36.70370833333333,-89.9601,5,2,163,7.975460122699387,2014-11-01
45 Auto,11,2014,12,41.47432,-104.44533000000001,2,7,163,7.361963190184049,2014-11-01
9mm,11,2014,17,40.19169411764706,-92.87675882352941,10,3,163,10.429447852760736,2014-11-01
Handgun,11,2014,45,40.21295833333334,-93.23432499999998,10,12,163,27.607361963190183,2014-11-01
Other,11,2014,6,39.2802,-86.86710000000001,1,0,163,3.6809815950920246,2014-11-01
Rifle,11,2014,19,41.599247368421054,-89.40643157894736,3,3,163,11.656441717791411,2014-11-01
Shotgun,11,2014,10,42.178444444444445,-82.04413333333335,2,2,163,6.134969325153374,2014-11-01
12 gauge,12,2014,28,39.01455714285714,-82.98633214285714,6,6,967,2.8955532574974145,2014-12-01
20 gauge,12,2014,10,41.06136,-96.51318999999998,1,5,967,1.0341261633919339,2014-12-01
22 LR,12,2014,92,36.814441758241735,-85.7393714285714,11,16,967,9.513960703205791,2014-12-01
25 Auto,12,2014,17,37.875694117647065,-90.70171764705883,0,3,967,1.7580144777662874,2014-12-01
30-06 Spr,12,2014,2,38.7425,-80.798,1,1,967,0.20682523267838676,2014-12-01
30-30 Win,12,2014,4,39.25816666666666,-77.52890000000001,1,0,967,0.4136504653567735,2014-12-01
300 Win,12,2014,2,43.93,-90.53155,0,1,967,0.20682523267838676,2014-12-01
308 Win,12,2014,1,41.4558,-72.1409,0,0,967,0.10341261633919338,2014-12-01
32 Auto,12,2014,11,37.34630000000001,-88.27328181818181,0,1,967,1.1375387797311272,2014-12-01
357 Mag,12,2014,10,39.313320000000004,-88.35104,0,1,967,1.0341261633919339,2014-12-01
38 Spl,12,2014,31,37.029358064516124,-85.4704064516129,7,4,967,3.2057911065149947,2014-12-01
380 Auto,12,2014,90,36.73374555555557,-90.49912777777776,7,3,967,9.307135470527404,2014-12-01
40 SW,12,2014,43,37.39781190476191,-89.18634523809521,11,4,967,4.446742502585315,2014-12-01
410 gauge,12,2014,2,38.341300000000004,-92.58590000000001,0,1,967,0.20682523267838676,2014-12-01
44 Mag,12,2014,1,24.5764,-81.659,0,0,967,0.10341261633919338,2014-12-01
45 Auto,12,2014,49,37.18034285714286,-90.1610918367347,3,3,967,5.067218200620475,2014-12-01
9mm,12,2014,125,37.28139274193546,-90.69541774193549,11,17,967,12.926577042399172,2014-12-01
Handgun,12,2014,285,39.7077281690141,-88.6621450704226,32,94,967,29.472595656670112,2014-12-01
Other,12,2014,29,37.08350000000001,-86.79801785714287,1,8,967,2.998965873836608,2014-12-01
Rifle,12,2014,68,38.807082352941144,-88.91807647058828,5,10,967,7.0320579110651495,2014-12-01
Shotgun,12,2014,67,39.175153846153826,-87.31454923076925,11,13,967,6.928645294725957,2014-12-01
20 gauge,6,2014,2,43.564499999999995,-100.73825,0,0,129,1.550387596899225,2014-06-01
22 LR,6,2014,10,41.814750000000004,-84.63082999999999,4,1,129,7.751937984496124,2014-06-01
25 Auto,6,2014,4,41.128275,-81.35555,1,0,129,3.10077519379845,2014-06-01
357 Mag,6,2014,2,37.2534,-96.7886,1,1,129,1.550387596899225,2014-06-01
38 Spl,6,2014,1,41.1724,-73.1903,0,0,129,0.7751937984496124,2014-06-01
380 Auto,6,2014,1,43.6169,-116.201,0,0,129,0.7751937984496124,2014-06-01
40 SW,6,2014,3,36.01056666666667,-110.07616666666667,2,9,129,2.3255813953488373,2014-06-01
44 Mag,6,2014,1,39.3388,-120.97,0,2,129,0.7751937984496124,2014-06-01
45 Auto,6,2014,6,34.13511666666667,-97.03396666666667,3,4,129,4.651162790697675,2014-06-01
9mm,6,2014,17,40.16359333333333,-93.21819333333336,8,17,129,13.178294573643411,2014-06-01
Handgun,6,2014,44,42.213861363636376,-108.84595227272733,13,6,129,34.10852713178294,2014-06-01
Other,6,2014,3,41.55996666666667,-92.07933333333334,0,3,129,2.3255813953488373,2014-06-01
Rifle,6,2014,13,40.59226153846154,-103.90667692307693,4,2,129,10.077519379844961,2014-06-01
Shotgun,6,2014,22,40.85078181818181,-95.4050090909091,4,3,129,17.05426356589147,2014-06-01
22 LR,1,2013,1,34.9791,-106.716,5,0,5,20.0,2013-01-01
Handgun,1,2013,3,37.04193333333333,-78.96183333333333,4,9,5,60.0,2013-01-01
Shotgun,1,2013,1,29.8816,-91.5251,2,3,5,20.0,2013-01-01
22 LR,2,2014,9,38.749100000000006,-92.4981111111111,3,2,63,14.285714285714286,2014-02-01
32 Auto,2,2014,1,42.88,-78.8599,0,0,63,1.5873015873015872,2014-02-01
357 Mag,2,2014,1,35.8292,-90.7258,0,0,63,1.5873015873015872,2014-02-01
38 Spl,2,2014,4,42.242925,-111.68705,0,2,63,6.349206349206349,2014-02-01
380 Auto,2,2014,1,41.2213,-73.1932,0,0,63,1.5873015873015872,2014-02-01
40 SW,2,2014,5,44.2668,-120.32296,1,1,63,7.936507936507937,2014-02-01
45 Auto,2,2014,6,32.95252000000001,-92.64802,0,1,63,9.523809523809524,2014-02-01
9mm,2,2014,12,40.270599999999995,-96.14561818181818,7,5,63,19.047619047619047,2014-02-01
Handgun,2,2014,11,38.67455454545455,-95.51938181818181,3,6,63,17.46031746031746,2014-02-01
Other,2,2014,3,34.477533333333334,-83.75766666666667,0,0,63,4.761904761904762,2014-02-01
Rifle,2,2014,4,36.275200000000005,-110.83890000000001,2,2,63,6.349206349206349,2014-02-01
Shotgun,2,2014,6,39.749700000000004,-89.25496000000001,3,0,63,9.523809523809524,2014-02-01
22 LR,7,2013,1,37.1948,-85.5219,2,2,9,11.11111111111111,2013-07-01
38 Spl,7,2013,1,41.689,-87.6157,0,5,9,11.11111111111111,2013-07-01
9mm,7,2013,2,33.2801,-77.11500000000001,7,5,9,22.22222222222222,2013-07-01
Handgun,7,2013,5,34.827119999999994,-93.77568,5,15,9,55.55555555555556,2013-07-01
22 LR,8,2013,1,30.0194,-82.3278,4,1,10,10.0,2013-08-01
32 Auto,8,2013,1,30.0194,-82.3278,4,1,10,10.0,2013-08-01
380 Auto,8,2013,1,35.3867,-97.4356,4,0,10,10.0,2013-08-01
40 SW,8,2013,1,44.9553,-93.2489,2,2,10,10.0,2013-08-01
410 gauge,8,2013,1,30.0194,-82.3278,4,1,10,10.0,2013-08-01
44 Mag,8,2013,1,40.8959,-75.323,3,4,10,10.0,2013-08-01
45 Auto,8,2013,1,36.6799,-121.606,3,4,10,10.0,2013-08-01
9mm,8,2013,2,42.11795,-84.94215,4,4,10,20.0,2013-08-01
Handgun,8,2013,1,40.2281,-74.7611,1,0,10,10.0,2013-08-01
22 LR,9,2013,1,32.2337,-96.4661,5,0,8,12.5,2013-09-01
40 SW,9,2013,1,35.6864,-82.0201,0,4,8,12.5,2013-09-01
9mm,9,2013,1,38.873,-76.9977,11,3,8,12.5,2013-09-01
Handgun,9,2013,3,38.91813333333334,-82.3097,0,16,8,37.5,2013-09-01
Other,9,2013,1,33.7709,-84.05,3,1,8,12.5,2013-09-01
Shotgun,9,2013,1,38.873,-76.9977,11,3,8,12.5,2013-09-01
308 Win,11,2013,1,40.7122,-73.9359,4,1,2,50.0,2013-11-01
Handgun,11,2013,1,40.8007,-81.3868,1,3,2,50.0,2013-11-01
40 SW,3,2013,2,38.9062,-77.0099,0,26,8,25.0,2013-03-01
45 Auto,3,2013,1,37.0857,-120.828,1,3,8,12.5,2013-03-01
9mm,3,2013,2,38.9062,-77.0099,0,26,8,25.0,2013-03-01
Handgun,3,2013,2,35.6516,-92.3995,3,5,8,25.0,2013-03-01
Shotgun,3,2013,1,43.011,-75.0058,6,2,8,12.5,2013-03-01
40 SW,4,2013,2,38.5883,-106.1834,5,5,8,25.0,2013-04-01
45 Auto,4,2013,1,35.6141,-88.815,2,2,8,12.5,2013-04-01
9mm,4,2013,3,35.59346666666667,-87.0355,2,11,8,37.5,2013-04-01
Handgun,4,2013,1,41.1102,-81.4771,4,0,8,12.5,2013-04-01
Shotgun,4,2013,1,47.303,-122.31,5,0,8,12.5,2013-04-01
40 SW,6,2013,1,30.0165,-90.0689,0,4,3,33.333333333333336,2013-06-01
44 Mag,6,2013,1,34.026,-118.461,6,1,3,33.333333333333336,2013-06-01
Other,6,2013,1,35.5744,-77.3873,0,5,3,33.333333333333336,2013-06-01
40 SW,12,2013,1,30.2743,-89.7826,2,6,2,50.0,2013-12-01
Shotgun,12,2013,1,29.6456,-90.5388,3,3,2,50.0,2013-12-01
44 Mag,5,2013,1,39.9204,-75.2296,0,4,1,100.0,2013-05-01
9mm,10,2013,1,41.235,-75.9011,1,0,3,33.333333333333336,2013-10-01
Handgun,10,2013,1,36.1189,-95.8429,0,5,3,33.333333333333336,2013-10-01
Shotgun,10,2013,1,33.5042,-112.096,5,0,3,33.333333333333336,2013-10-01
