Unnamed: 0,incident_id,date,state,city_or_county,n_killed,n_injured,latitude,longitude,pos,neg,neu,comp,scrape
193,480071,2013-09-15,Washington,Yakima,0,6,46.5854,-120.538,0.0,0.321,0.679,-0.8176,True
366,92339,2014-01-01,Washington,Seattle,0,1,47.6017,-122.299,0.0,0.0,1.0,0.0,True
368,92334,2014-01-01,Washington,Seattle,0,0,47.5337,-122.372,0.288,0.093,0.619,0.7215,True
659,183489,2014-01-03,Washington,Selah,1,0,46.6504,-120.517,0.0,0.13,0.87,-0.34,True
985,93663,2014-01-05,Washington,Seattle,0,1,47.6062,-122.317,0.2126666666666666,0.1299999999999999,0.6573333333333333,0.0947666666666666,True
1643,95317,2014-01-11,Washington,Vancouver,0,0,45.6405,-122.621,0.0,0.4665,0.5335,-0.5415,True
1800,333919,2014-01-12,Washington,Spokane,0,0,47.7549,-117.402,0.0,0.194,0.806,-0.6973,True
2468,217356,2014-01-16,Washington,Seattle,0,0,47.4435,-122.296,0.1696666666666666,0.2176666666666666,0.613,0.0242999999999999,True
2983,112819,2014-01-19,Washington,Seattle,0,1,47.6062,-122.317,0.1771111111111111,0.1237777777777777,0.699111111111111,0.0599444444444444,True
3014,98206,2014-01-19,Washington,Seattle,0,1,47.6133,-122.344,0.1662857142857143,0.1662857142857143,0.6675714285714286,0.1012142857142857,True
3272,100338,2014-01-21,Washington,Kennewick,0,0,46.2269,-119.208,0.0,0.0,1.0,0.0,True
3337,99286,2014-01-22,Washington,Seattle,0,1,47.6104,-122.312,0.1602222222222222,0.1148888888888889,0.7248888888888888,0.0582555555555555,True
3726,101052,2014-01-25,Washington,Toppenish,1,0,46.3713,-120.325,0.641,0.0,0.359,0.6553,True
3880,100619,2014-01-26,Washington,Vancouver,0,0,45.6422,-122.614,0.0,0.4665,0.5335,-0.5415,True
4111,113665,2014-01-27,Washington,Seattle,1,4,47.6,-122.332,0.0798421052631579,0.2278421052631578,0.692315789473684,-0.3290315789473684,True
4208,110433,2014-01-28,Washington,Seattle,0,0,47.4502,-122.309,0.1696666666666666,0.2176666666666666,0.613,0.0242999999999999,True
4567,107286,2014-01-31,Washington,Seattle,0,0,47.6138,-122.332,0.0917666666666666,0.1983333333333333,0.7098999999999999,-0.2231633333333333,True
4637,102553,2014-01-31,Washington,Seattle,0,1,47.5275,-122.268,0.0896666666666666,0.2413333333333333,0.669,-0.3002333333333333,True
4754,102886,2014-02-01,Washington,Spanaway,1,0,47.0983,-122.435,0.1255,0.17275,0.70175,-0.169325,True
4784,103396,2014-02-01,Washington,Seattle,0,1,47.5235,-122.279,0.0896666666666666,0.1183333333333333,0.7919999999999999,-0.0452333333333333,True
4901,103392,2014-02-02,Washington,Seattle,0,1,47.6039,-122.338,0.0835416666666666,0.1660833333333334,0.750375,-0.1817624999999999,True
4920,110649,2014-02-02,Washington,Seattle,0,0,47.4502,-122.309,0.1785,0.25775,0.5640000000000001,-0.1509,True
4949,103390,2014-02-02,Washington,Seattle,0,1,47.6026,-122.334,0.0823478260869565,0.173304347826087,0.7443478260869564,-0.2053695652173912,True
5340,104516,2014-02-06,Washington,Seattle,1,0,47.609,-122.337,0.1189166666666666,0.1605,0.720583333333333,-0.0819999999999999,True
5412,104944,2014-02-06,Washington,Seattle,1,0,47.6088,-122.337,0.1189166666666666,0.1605,0.720583333333333,-0.0819999999999999,True
5519,111207,2014-02-07,Washington,Seattle,0,0,47.4502,-122.309,0.1785,0.25775,0.5640000000000001,-0.1509,True
5768,111216,2014-02-09,Washington,Seattle,0,0,47.4502,-122.309,0.238,0.1783333333333333,0.584,0.0594666666666666,True
6966,109131,2014-02-21,Washington,Seattle,0,1,47.6096,-122.339,0.0628947368421052,0.18,0.7571052631578945,-0.2787999999999999,True
7198,110360,2014-02-23,Washington,Tacoma,0,1,47.231,-122.426,0.146,0.0,0.854,0.34,True
7284,111747,2014-02-24,Washington,Pasco,0,0,46.2589,-119.116,0.097,0.093,0.81,0.0129,True
7287,111748,2014-02-24,Washington,Pasco,0,0,46.2589,-119.116,0.097,0.093,0.81,0.0129,True
7320,109814,2014-02-24,Washington,Lakewood,0,1,47.1646,-122.514,0.0995,0.1905,0.7105,0.0060999999999999,True
7354,109808,2014-02-24,Washington,Marysville,0,0,48.0457,-122.179,0.128,0.249,0.623,-0.3612,True
7401,109906,2014-02-25,Washington,Seattle,0,0,47.467,-122.288,0.078,0.22,0.701,-0.7405,True
7440,110159,2014-02-25,Washington,Seattle,1,0,47.6906,-122.358,0.0,0.118,0.882,-0.4479,True
7460,111289,2014-02-26,Washington,Bellingham,0,0,48.7578,-122.456,0.0,0.0,1.0,0.0,True
7699,113305,2014-02-28,Washington,Pasco,0,0,46.2589,-119.116,0.097,0.093,0.81,0.0129,True
7933,331250,2014-03-03,Washington,Wapato,0,1,46.4542,-120.422,0.122,0.199,0.679,-0.1779,True
7945,335760,2014-03-03,Washington,Spokane,0,0,47.6611,-117.432,0.0,0.0,1.0,0.0,True
8049,113323,2014-03-04,Washington,Seattle,0,0,47.4502,-122.309,0.173,0.081,0.746,0.4019,True
8093,112275,2014-03-04,Washington,Spokane,0,1,47.676,-117.284,0.0,0.297,0.703,-0.7659,True
8416,112833,2014-03-07,Washington,Seatac,0,0,47.4546,-122.294,0.039,0.2975,0.663,-0.54025,True
8523,117546,2014-03-08,Washington,Seattle,0,0,47.4502,-122.309,0.173,0.081,0.746,0.4019,True
8752,113638,2014-03-10,Washington,Seattle,0,0,47.6062,-122.314,0.0,0.318,0.682,-0.6801,True
8839,113947,2014-03-11,Washington,Tacoma,0,0,47.2471,-122.458,0.153,0.132,0.715,0.1007,True
9013,114554,2014-03-13,Washington,Vancouver,0,2,45.6257,-122.672,0.0186666666666666,0.235,0.7463333333333334,-0.5716333333333333,True
9025,114638,2014-03-13,Washington,Bellevue,0,0,47.6187,-122.201,0.076,0.211,0.713,-0.2047,True
9056,290054,2014-03-13,Washington,Vancouver,0,2,45.6269,-122.672,0.0186666666666666,0.235,0.7463333333333334,-0.5716333333333333,True
9059,117604,2014-03-13,Washington,Seattle,0,0,47.4502,-122.309,0.173,0.081,0.746,0.4019,True
9220,125334,2014-03-14,Washington,Yakima,0,0,46.6037,-120.491,0.0,0.332,0.668,-0.7883,True
10053,330714,2014-03-21,Washington,Wapato,0,1,46.4464,-120.452,0.0,0.324,0.676,-0.34,True
10174,118244,2014-03-22,Washington,Yakima,1,1,46.6021,-120.506,0.0,0.332,0.668,-0.7883,True
10248,118387,2014-03-23,Washington,Tacoma,1,0,47.2554,-122.47,0.0,0.0,1.0,0.0,True
10326,133741,2014-03-23,Washington,Seattle,0,0,47.4502,-122.309,0.12,0.0893333333333333,0.7903333333333333,0.1339666666666666,True
10470,118391,2014-03-24,Washington,Spokane,0,0,47.6864,-117.436,0.0,0.18,0.82,-0.5574,True
10474,118393,2014-03-24,Washington,Vancouver,0,0,45.6488,-122.593,0.216,0.168,0.616,0.1779,True
10665,119118,2014-03-26,Washington,Spokane,1,0,47.6835,-117.435,0.0,0.18,0.82,-0.5574,True
10692,119011,2014-03-26,Washington,Seattle,0,1,47.6631,-122.314,0.0,0.046,0.954,-0.1133333333333333,True
10913,120107,2014-03-28,Washington,Kennewick,1,0,46.2058,-119.138,0.219,0.164,0.616,0.2023,True
10919,120050,2014-03-28,Washington,Seattle,0,1,47.61,-122.317,0.324,0.2953333333333333,0.381,0.0508666666666666,True
11032,120052,2014-03-29,Washington,Seattle,0,1,47.6138,-122.332,0.01175,0.1862499999999999,0.802,-0.4356,True
11183,124505,2014-03-30,Washington,Tacoma,0,0,47.2505,-122.463,0.0765,0.066,0.8574999999999999,0.05035,True
11459,180722,2014-04-01,Washington,Seattle,0,0,47.4435,-122.296,0.0928,0.1404,0.7666,-0.1494199999999999,True
11729,124502,2014-04-03,Washington,Tacoma,0,0,47.2505,-122.463,0.0765,0.066,0.8574999999999999,0.05035,True
11759,122259,2014-04-04,Washington,Lynnwood,0,2,47.8134,-122.29,0.312,0.085,0.603,0.7506,True
11855,180585,2014-04-04,Washington,Seattle,0,0,47.4435,-122.296,0.0928,0.1404,0.7666,-0.1494199999999999,True
12017,180610,2014-04-05,Washington,Seattle,0,0,47.4435,-122.296,0.0928,0.1404,0.7666,-0.1494199999999999,True
12130,122723,2014-04-06,Washington,Seattle,1,0,47.6127,-122.337,0.0,0.1658,0.8342,-0.4398000000000001,True
12138,124001,2014-04-06,Washington,Marysville,0,2,48.0795,-122.15,0.206,0.183,0.611,0.0772,True
12157,124496,2014-04-06,Washington,Tacoma,0,0,47.2505,-122.463,0.0,0.0,1.0,0.0,True
12533,123371,2014-04-09,Washington,Tacoma,0,0,47.2248,-122.441,0.0576666666666666,0.2316666666666667,0.711,-0.2779666666666667,True
12832,125067,2014-04-12,Washington,Seattle,0,0,47.6988,-122.368,0.0,0.444,0.556,-0.34,True
13083,127062,2014-04-14,Washington,Spokane,0,0,47.7152,-117.425,0.241,0.245,0.515,0.2362,True
13292,125632,2014-04-15,Washington,Vancouver,0,0,45.6346,-122.668,0.065,0.324,0.61,-0.7943,True
13591,128165,2014-04-18,Washington,Burlington,0,0,48.47,-122.344,0.0,0.0,1.0,0.0,True
13795,382006,2014-04-19,Washington,Seattle,0,0,47.6138,-122.332,0.0311363636363636,0.1838181818181818,0.7850000000000001,-0.3408954545454546,True
14469,128431,2014-04-24,Washington,Spokane,0,1,47.6579,-117.414,0.0,0.0,1.0,0.0,True
14548,129011,2014-04-25,Washington,Spokane,0,2,47.6642,-117.296,0.259,0.0,0.741,0.4215,True
14629,132706,2014-04-25,Washington,Spokane County,1,0,47.7152,-117.425,0.241,0.245,0.515,0.2362,True
14658,129796,2014-04-26,Washington,Seattle,0,1,47.6619,-122.318,0.1646,0.162,0.6736,0.22094,True
14961,206050,2014-04-28,Washington,Seattle,0,0,47.6062,-122.332,0.0335588235294117,0.2136470588235293,0.7527647058823528,-0.3876558823529412,True
15115,131838,2014-04-29,Washington,Spokane,0,0,47.7202,-117.406,0.446,0.141,0.413,0.9338,True
15184,181109,2014-04-30,Washington,Seattle,0,0,47.4435,-122.296,0.0556666666666666,0.1556666666666666,0.7886666666666667,-0.1117666666666666,True
15866,132883,2014-05-05,Washington,Tacoma,0,1,47.2438,-122.45,0.0,0.293,0.707,-0.6597,True
16115,133109,2014-05-07,Washington,Federal Way,1,0,47.3544,-122.311,0.0,0.231,0.769,-0.34,True
16364,134297,2014-05-09,Washington,Tacoma,0,0,47.2579,-122.478,0.0,0.206,0.794,-0.0772,True
16415,379330,2014-05-10,Washington,Seattle,0,0,47.5283,-122.358,0.168,0.1813333333333333,0.6503333333333333,0.0627666666666666,True
16577,134550,2014-05-11,Washington,Parkland,0,1,47.149,-122.434,0.13,0.109,0.761,0.1037,True
16605,134295,2014-05-11,Washington,Pierce County,0,1,47.1486,-122.435,0.13,0.109,0.761,0.1037,True
16850,134730,2014-05-13,Washington,Federal Way,1,0,47.3489,-122.311,0.0,0.231,0.769,-0.34,True
17199,137681,2014-05-15,Washington,Seattle,0,0,47.5201,-122.265,0.1603333333333333,0.4566666666666666,0.383,-0.247,True
17237,366357,2014-05-16,Washington,Spokane,0,0,47.6588,-117.426,0.0,0.0,1.0,0.0,True
17522,136350,2014-05-18,Washington,Auburn,0,1,47.2948,-122.227,0.035,0.1305,0.8345,-0.32985,True
17698,141036,2014-05-19,Washington,Seattle,0,0,47.6062,-122.332,0.0390555555555555,0.2339444444444444,0.7269999999999999,-0.4481777777777778,True
17808,141062,2014-05-19,Washington,Seattle,0,0,47.5132,-122.262,0.085,0.438,0.478,-0.8225,True
17851,137363,2014-05-20,Washington,University Place,1,0,47.2065,-122.505,0.063,0.241,0.695,-0.6542,True
18176,143564,2014-05-22,Washington,Seattle,0,0,47.5919,-122.303,0.0,0.0,1.0,0.0,True
18180,143565,2014-05-22,Washington,Seattle,0,0,47.6664,-122.313,0.032,0.167,0.8015,-0.29405,True
18613,184414,2014-05-25,Washington,Seattle,0,0,47.4435,-122.296,0.142,0.093,0.765,0.2263,True
18897,139898,2014-05-27,Washington,Bellingham,0,0,48.7551,-122.471,0.0,0.212,0.788,-0.4003,True
19628,153544,2014-06-01,Washington,Seattle,2,0,47.598,-122.295,0.1005,0.1675,0.732,-0.1909,True
19822,142223,2014-06-02,Washington,Tacoma,0,1,47.2458,-122.449,0.0,0.198,0.802,-0.5044,True
20242,143350,2014-06-05,Washington,Seattle,1,2,47.6499,-122.361,0.041,0.0535,0.9055,-0.107425,True
20600,143659,2014-06-07,Washington,Seattle,1,0,47.6,-122.317,0.0127833333333333,0.01995,0.9672666666666668,-0.0201133333333333,True
20907,184832,2014-06-09,Washington,Seattle,0,0,47.4435,-122.296,0.0479999999999999,0.0,0.952,0.1334333333333333,True
21264,145489,2014-06-12,Washington,Renton,0,3,47.4817,-122.245,0.0,0.0,1.0,0.0,True
21335,148943,2014-06-12,Washington,Spokane,0,1,47.6668,-117.207,0.021,0.24775,0.7315,-0.407825,True
21598,152383,2014-06-14,Washington,Seattle,0,0,47.6138,-122.332,0.046,0.1839310344827586,0.7701034482758619,-0.3227379310344827,True
21780,164791,2014-06-16,Washington,Spanaway,0,0,47.0993,-122.435,0.0,0.0,1.0,0.0,True
21821,147254,2014-06-16,Washington,Seattle,1,0,47.654,-122.322,0.0,0.311,0.6890000000000001,-0.6098666666666667,True
21892,163881,2014-06-16,Washington,Spanaway,0,0,47.0993,-122.435,0.0,0.0,1.0,0.0,True
22584,154426,2014-06-21,Washington,Seattle,0,0,47.6138,-122.332,0.03864,0.1890399999999999,0.7724000000000001,-0.3242239999999999,True
22631,149877,2014-06-21,Washington,Renton,1,0,47.4853,-122.211,0.0,0.146,0.854,-0.34,True
22841,185870,2014-06-23,Washington,Pasco,0,0,46.2589,-119.116,0.0,0.214,0.786,-0.4572,True
23419,186028,2014-06-27,Washington,Seattle,0,0,47.4435,-122.296,0.0572499999999999,0.1485,0.794,-0.234625,True
23521,196734,2014-06-27,Washington,Kent,0,0,47.3618,-122.272,0.154,0.195,0.651,-0.1311,True
23938,158434,2014-06-30,Washington,Seattle,0,1,47.6093,-122.339,0.0488387096774193,0.1812903225806451,0.7699354838709678,-0.340290322580645,True
23969,153302,2014-06-30,Washington,Seattle,1,0,47.6062,-122.332,0.0495555555555555,0.1881666666666666,0.7623333333333333,-0.3503666666666666,True
24905,155643,2014-07-06,Washington,Seattle,0,2,47.5192,-122.354,0.0,0.444,0.556,-0.34,True
24965,155640,2014-07-06,Washington,Seattle,0,0,47.5448,-122.274,0.0,0.324,0.676,-0.34,True
25273,156906,2014-07-08,Washington,Seattle,1,0,47.6787,-122.257,0.0,0.285,0.715,-0.7761,True
25930,157666,2014-07-12,Washington,Seattle,0,1,47.6259,-122.339,0.123,0.054,0.823,0.3397,True
25961,159361,2014-07-12,Washington,Belltown,0,0,47.6136,-122.347,0.0976666666666666,0.1476666666666666,0.7546666666666666,-0.0350333333333333,True
26186,166159,2014-07-14,Washington,Seattle,0,1,47.5229,-122.355,0.0,0.55,0.45,-0.9601,True
26305,159016,2014-07-14,Washington,Spokane,0,0,47.6519,-117.423,0.1745,0.244,0.5814999999999999,-0.0494499999999999,True
26400,159021,2014-07-15,Washington,Tacoma,0,1,47.2529,-122.444,0.0,0.314,0.686,-0.6597,True
26465,165672,2014-07-15,Washington,Seattle,0,0,47.7338,-122.294,0.2,0.117,0.683,0.1779,True
26519,189095,2014-07-15,Washington,Seattle,0,0,47.4435,-122.296,0.0425,0.297,0.66,-0.6694,True
26649,187945,2014-07-16,Washington,Tacoma,0,0,47.1825,-122.463,0.0,0.381,0.619,-0.4724,True
27146,160606,2014-07-19,Washington,Seattle,0,1,47.6138,-122.332,0.0394166666666666,0.2186944444444444,0.7418611111111111,-0.4253888888888888,True
27680,162349,2014-07-22,Washington,Seattle,0,0,47.5512,-122.275,0.0,0.551,0.449,-0.8689,True
28026,171165,2014-07-24,Washington,Seattle,0,2,47.5993,-122.302,0.288,0.133,0.579,0.6134,True
28736,176365,2014-07-29,Washington,Vancouver,1,0,45.6899,-122.672,0.148,0.111,0.741,0.2023,True
28820,166313,2014-07-29,Washington,Seattle,0,0,47.5567,-122.291,0.0,0.306,0.694,-0.296,True
28868,166323,2014-07-29,Washington,Vancouver,1,0,45.6897,-122.672,0.148,0.111,0.741,0.2023,True
28966,166856,2014-07-30,Washington,Lakewood,2,0,47.17100000000001,-122.512,0.287,0.104,0.609,0.6369,True
29453,167411,2014-08-01,Washington,Seattle,0,1,47.6138,-122.332,0.0349230769230769,0.2029615384615384,0.7620384615384617,-0.386076923076923,True
30108,169966,2014-08-05,Washington,Seattle,0,2,47.5183,-122.285,0.071,0.095,0.833,-0.1531,True
30205,176820,2014-08-06,Washington,Seattle,0,0,47.6138,-122.332,0.0266785714285714,0.1809642857142857,0.7922857142857141,-0.3592428571428571,True
30427,171326,2014-08-07,Washington,Seattle,0,2,47.5751,-122.31,0.11,0.184,0.705,-0.3322,True
31058,192002,2014-08-11,Washington,Seattle,0,0,47.4435,-122.296,0.161,0.341,0.499,-0.7579,True
31305,175248,2014-08-13,Washington,Seattle,0,0,47.6282,-122.345,0.0742,0.1342,0.7914,-0.1884999999999999,True
31769,175209,2014-08-15,Washington,Vancouver,0,0,45.6521,-122.493,0.1895,0.058,0.7525,0.12935,True
32933,179611,2014-08-22,Washington,Tacoma,0,1,47.17,-122.46,0.0,0.228,0.772,-0.30795,True
33619,184176,2014-08-26,Washington,Seattle,0,0,47.6001,-122.329,0.0462333333333333,0.2155333333333333,0.7382000000000001,-0.4080666666666667,True
33652,181530,2014-08-26,Washington,Tacoma,0,1,47.2438,-122.45,0.152,0.318,0.53,-0.3612,True
34215,183374,2014-08-30,Washington,Seattle,1,0,47.629,-122.352,0.0716,0.113,0.8151999999999999,-0.15228,True
34324,183154,2014-08-30,Washington,Tacoma,0,2,47.1747,-122.463,0.0,0.456,0.544,-0.6159,True
34784,185089,2014-09-02,Washington,Federal Way,0,1,47.3434,-122.311,0.0,0.1835,0.8165,-0.41355,True
35332,186667,2014-09-05,Washington,King County,0,1,47.6763,-122.347,0.0,0.0,1.0,0.0,True
36443,190645,2014-09-12,Washington,Seattle,0,2,47.5219,-122.27,0.0,0.459,0.541,-0.8807,True
36841,198472,2014-09-14,Washington,Seattle,0,1,47.6027,-122.305,0.263,0.298,0.44,-0.2579,True
36990,191453,2014-09-15,Washington,Lacey,1,0,47.0347,-122.821,0.127,0.281,0.592,-0.6643,True
37117,191440,2014-09-15,Washington,Lakewood,0,1,47.1718,-122.518,0.051,0.143,0.806,-0.3295,True
37190,191912,2014-09-16,Washington,Belltown,0,0,47.6141,-122.346,0.1562,0.2478,0.5962000000000001,-0.2125999999999999,True
37858,193742,2014-09-20,Washington,Seattle,1,0,47.6176,-122.332,0.1035,0.1791666666666666,0.7173333333333334,-0.25605,True
37947,194088,2014-09-21,Washington,Tacoma,1,0,47.2533,-122.515,0.0316666666666666,0.1473333333333333,0.8206666666666665,-0.4685666666666666,True
38307,197780,2014-09-23,Washington,Seattle,0,0,47.54600000000001,-122.276,0.071,0.126,0.803,-0.3744,True
38461,195566,2014-09-24,Washington,Seattle,1,0,47.6017,-122.332,0.0271875,0.22659375,0.74621875,-0.4462531249999999,True
38742,197132,2014-09-26,Washington,Tukwila,0,1,47.4688,-122.283,0.229,0.22,0.55,0.0258,True
38832,197127,2014-09-26,Washington,Seattle,0,0,47.5843,-122.299,0.1653333333333333,0.119,0.7153333333333333,0.1545333333333333,True
38997,200545,2014-09-27,Washington,Seattle,0,0,47.4435,-122.296,0.0495,0.2644999999999999,0.6859999999999999,-0.66925,True
39169,200552,2014-09-28,Washington,Seattle,0,0,47.4435,-122.296,0.0495,0.2644999999999999,0.6859999999999999,-0.66925,True
39437,199910,2014-09-30,Washington,Tacoma,0,0,47.2535,-122.437,0.221,0.1895,0.59,0.1027,True
39465,198512,2014-09-30,Washington,Puyallup,1,0,47.1058,-122.294,0.278,0.234,0.488,0.2263,True
39737,324009,2014-10-02,Washington,Tacoma,0,1,47.2263,-122.414,0.0,0.13,0.87,-0.34,True
39745,324100,2014-10-02,Washington,Kent,0,2,47.3578,-122.284,0.253,0.103,0.644,0.5423,True
39767,200601,2014-10-02,Washington,Seattle,0,0,47.4435,-122.296,0.0495,0.2644999999999999,0.6859999999999999,-0.66925,True
39862,199990,2014-10-02,Washington,Kent,0,0,47.3578,-122.284,0.253,0.103,0.644,0.5423,True
39886,201259,2014-10-02,Washington,Everett,0,0,48.0041,-122.19,0.0,0.0,1.0,0.0,True
39959,200271,2014-10-03,Washington,Seattle,0,0,47.6138,-122.332,0.049860465116279,0.2065813953488371,0.7435813953488372,-0.3653395348837208,True
40367,201386,2014-10-05,Washington,Spokane,0,1,47.7204,-117.382,0.0433333333333333,0.144,0.8126666666666665,-0.2500333333333333,True
40630,204678,2014-10-07,Washington,Seattle,0,0,47.4435,-122.296,0.0495,0.2644999999999999,0.6859999999999999,-0.66925,True
40968,204728,2014-10-09,Washington,Seattle,0,0,47.4435,-122.296,0.0495,0.2644999999999999,0.6859999999999999,-0.66925,True
41176,204022,2014-10-11,Washington,Belltown,1,2,47.6121,-122.344,0.1104285714285714,0.0758571428571428,0.8137142857142857,0.0798285714285714,True
41316,204586,2014-10-12,Washington,Seattle,0,1,47.6141,-122.318,0.175,0.19,0.635,-0.0516,True
41833,206318,2014-10-15,Washington,Marysville,0,2,48.0644,-122.141,0.06875,0.16475,0.7665,-0.11485,True
42029,223150,2014-10-16,Washington,Seattle,0,0,47.7179,-122.291,0.158,0.0,0.842,0.4588,True
42249,209757,2014-10-17,Washington,Spokane,0,0,47.6611,-117.432,0.0,0.339,0.661,-0.7345,True
42297,207354,2014-10-18,Washington,Seattle,0,1,47.6138,-122.332,0.06172,0.19628,0.74206,-0.3314040000000001,True
43201,209754,2014-10-23,Washington,Seattle,0,1,47.5793,-122.298,0.373,0.145,0.482,0.5859,True
43273,214738,2014-10-24,Washington,Seattle,0,0,47.4435,-122.296,0.155,0.2264999999999999,0.619,-0.3121,True
43554,487868,2014-10-25,Washington,Seattle,0,0,47.6095,-122.317,0.1358333333333333,0.1593333333333333,0.7050000000000001,0.0017333333333333,True
44541,214127,2014-11-01,Washington,Seattle,0,5,47.665,-122.313,0.048,0.2144,0.7375999999999999,-0.26424,True
45037,217814,2014-11-05,Washington,Seattle,0,0,47.4435,-122.296,0.155,0.2264999999999999,0.619,-0.3121,True
45274,218164,2014-11-07,Washington,Spokane,0,0,47.6566,-117.436,0.0,0.339,0.661,-0.7345,True
45470,218161,2014-11-08,Washington,Spokane,0,1,47.6777,-117.424,0.2633333333333333,0.1396666666666666,0.5973333333333333,0.2589666666666666,True
46118,220134,2014-11-12,Washington,Des Moines,1,0,47.4223,-122.32,0.0,0.353,0.647,-0.7184,True
46366,223172,2014-11-14,Washington,Seattle,0,0,47.6719,-122.316,0.082,0.331,0.587,-0.295,True
46405,224275,2014-11-15,Washington,Seattle,0,0,47.4435,-122.296,0.155,0.2264999999999999,0.619,-0.3121,True
46411,221298,2014-11-15,Washington,Spokane,0,1,47.6786,-117.424,0.2633333333333333,0.1396666666666666,0.5973333333333333,0.2589666666666666,True
46938,335865,2014-11-19,Washington,Pasco,0,0,46.2373,-119.065,0.342,0.152,0.506,0.4588,True
47435,224593,2014-11-23,Washington,Seattle,0,2,47.6138,-122.332,0.0415749999999999,0.2336249999999999,0.7247999999999999,-0.4662374999999999,True
47727,225024,2014-11-25,Washington,Vancouver,1,0,45.6584,-122.552,0.0,0.3396666666666666,0.6603333333333333,-0.4331666666666667,True
47789,273615,2014-11-26,Washington,Kennewick,0,1,46.21,-119.158,0.07,0.198,0.733,-0.5413,True
47798,225022,2014-11-26,Washington,Vancouver,0,0,45.6373,-122.617,0.0685,0.3974999999999999,0.5345,-0.1314,True
48981,262945,2014-12-07,Washington,Seattle,0,0,47.4435,-122.296,0.237,0.0,0.7629999999999999,0.7382,True
49375,263082,2014-12-10,Washington,Seattle,0,0,47.4435,-122.296,0.237,0.0,0.7629999999999999,0.7382,True
50017,267031,2014-12-15,Washington,Seattle,0,0,47.4435,-122.296,0.237,0.0,0.7629999999999999,0.7382,True
50054,277083,2014-12-15,Washington,Seattle,0,0,47.5334,-122.275,0.0,0.078,0.922,-0.1779,True
50262,264607,2014-12-17,Washington,Tacoma,2,0,47.1703,-122.47,0.134,0.267,0.599,-0.4404,True
50518,265678,2014-12-19,Washington,Tacoma,0,0,47.2509,-122.462,0.0,0.758,0.242,-0.4824,True
50657,283442,2014-12-20,Washington,Federal Way,0,1,47.3035,-122.382,0.0,0.3155,0.6845,-0.66445,True
50931,270812,2014-12-22,Washington,Seattle,0,0,47.4435,-122.296,0.237,0.0,0.7629999999999999,0.7382,True
51446,273008,2014-12-27,Washington,Seattle,0,0,47.4435,-122.296,0.237,0.0,0.7629999999999999,0.7382,True
51563,273229,2014-12-27,Washington,Rainier Valley,0,0,47.5361,-122.275,0.293,0.0,0.707,0.5773,True
52088,271956,2014-12-31,Washington,Seattle,0,0,47.5451,-122.281,0.293,0.0,0.707,0.5773,True
52093,271957,2014-12-31,Washington,Seattle,1,0,47.5316,-122.278,0.293,0.0,0.707,0.5773,True
52430,276230,2015-01-02,Washington,Seattle,0,0,47.4435,-122.296,0.296,0.0,0.704,0.8395,True
52481,277284,2015-01-03,Washington,Spokane,0,0,47.6211,-117.55,0.0,0.293,0.707,-0.658,True
52878,275131,2015-01-06,Washington,Walla Walla,0,0,46.0602,-118.333,0.1846666666666666,0.091,0.7243333333333334,0.4116333333333333,True
53441,277027,2015-01-11,Washington,Seattle,0,1,47.6613,-122.32,0.147,0.0,0.853,0.16305,True
53829,279227,2015-01-14,Washington,Seattle,0,1,47.5856,-122.32,0.292,0.279,0.429,0.3182,True
54441,283246,2015-01-19,Washington,Seattle,0,1,47.6138,-122.332,0.0333333333333333,0.2320666666666666,0.7346333333333334,-0.3576633333333333,True
54906,282489,2015-01-22,Washington,Federal Way,1,0,47.2853,-122.365,0.0,0.455,0.545,-0.9349,True
55040,379233,2015-01-23,Washington,Seattle,0,0,47.6241,-122.35,0.1476666666666666,0.1666666666666666,0.6855000000000001,0.0901,True
55053,283777,2015-01-24,Washington,Seattle,0,0,47.6138,-122.332,0.0303030303030303,0.2234848484848484,0.7462424242424242,-0.3435121212121211,True
55135,283244,2015-01-24,Washington,Seattle,0,0,47.6126,-122.345,0.0452,0.2484,0.7062,-0.4112599999999999,True
55229,283741,2015-01-25,Washington,Spokane,1,0,47.6517,-117.401,0.0,0.194,0.806,-0.34,True
55275,283759,2015-01-25,Washington,Seattle,0,2,47.6187,-122.33,0.0375,0.2257499999999999,0.73675,-0.316725,True
55355,284850,2015-01-26,Washington,Seattle,0,1,47.6009,-122.298,0.19,0.083,0.727,0.4767,True
55357,284524,2015-01-26,Washington,Tukwila,0,1,47.4652,-122.297,0.0,0.206,0.794,-0.5348666666666667,True
55613,331505,2015-01-28,Washington,Vancouver,0,1,45.6551,-122.601,0.152,0.2005,0.647,-0.01205,True
55905,286975,2015-01-30,Washington,Tacoma,0,1,47.181,-122.463,0.0,0.2655,0.7344999999999999,-0.34,True
56211,362522,2015-02-02,Washington,Pullman,0,3,46.7336,-117.17,0.098,0.103,0.7989999999999999,0.0589199999999999,True
56417,288750,2015-02-04,Washington,Spokane,0,1,47.6147,-117.395,0.0,0.0,1.0,0.0,True
57461,294455,2015-02-13,Washington,Vancouver,0,0,45.6055,-122.501,0.274,0.0,0.726,0.5994,True
57730,330943,2015-02-15,Washington,Yakima,0,2,46.6037,-120.494,0.107,0.103,0.79,0.0191,True
58406,296562,2015-02-22,Washington,Seattle,0,3,47.6613,-122.32,0.06,0.1683333333333333,0.7716666666666666,-0.3371666666666666,True
58647,297875,2015-02-24,Washington,Olympia,0,0,47.0421,-122.929,0.067,0.2345,0.6985,-0.47805,True
58706,297309,2015-02-25,Washington,Spokane,0,0,47.6585,-117.426,0.0,0.227,0.773,-0.5267,True
59154,299915,2015-03-01,Washington,Pullman,0,0,46.7324,-117.18,0.056,0.305,0.639,-0.7229,True
59522,317769,2015-03-03,Washington,Kennewick,0,0,46.2109,-119.174,0.123,0.083,0.794,0.2905,True
59863,302252,2015-03-07,Washington,Seattle,0,1,47.6186,-122.343,0.0905,0.35275,0.557,-0.5098,True
60744,307377,2015-03-13,Washington,Seattle,0,0,47.7051,-122.353,0.07,0.225,0.705,-0.5574,True
60908,307128,2015-03-14,Washington,Vancouver,0,1,45.6399,-122.632,0.202,0.0,0.798,0.1292,True
60923,307126,2015-03-14,Washington,Seattle,1,0,47.6017,-122.322,0.146875,0.18775,0.6655,0.0061374999999999,True
61053,307400,2015-03-15,Washington,Seattle,1,0,47.5778,-122.313,0.0,0.286,0.714,-0.34,True
61340,309043,2015-03-17,Washington,Grandview,1,0,46.2542,-119.91,0.0,0.512,0.488,-0.743,True
61507,309298,2015-03-18,Washington,Pasco,0,1,46.2298,-119.09,0.0,0.268,0.732,-0.7063,True
61654,309278,2015-03-19,Washington,Seattle,1,0,47.6107,-122.339,0.0430399999999999,0.25032,0.70664,-0.510012,True
61730,335615,2015-03-20,Washington,Spokane,0,0,47.6611,-117.432,0.133,0.1135,0.7535000000000001,-0.0431499999999999,True
62059,311424,2015-03-22,Washington,Seattle,0,1,47.5804,-122.407,0.0,0.242,0.758,-0.5859,True
63268,315977,2015-03-30,Washington,Vancouver,0,0,45.6573,-122.548,0.0,0.324,0.676,-0.34,True
63272,315596,2015-03-30,Washington,Parkland,1,0,47.1542,-122.455,0.116,0.223,0.662,-0.3164,True
63291,377689,2015-03-30,Washington,Seattle,0,0,47.6138,-122.332,0.0471724137931034,0.2227586206896551,0.7300344827586208,-0.4568206896551724,True
63304,315789,2015-03-31,Washington,Seattle,0,0,47.6211,-122.318,0.064,0.212,0.724,-0.3693,True
63560,377839,2015-04-01,Washington,Seattle,0,0,47.521,-122.371,0.1695,0.2645,0.5660000000000001,-0.1305,True
63837,425543,2015-04-03,Washington,Spokane (Spokane Valley),0,0,47.6611,-117.432,0.266,0.0,0.734,0.4404,True
63968,318252,2015-04-04,Washington,Kent,0,1,47.3965,-122.231,0.077,0.412,0.512,-0.9094,True
64158,318932,2015-04-05,Washington,Belltown,0,0,47.6147,-122.345,0.1267777777777777,0.1129999999999999,0.7602222222222222,-0.0387111111111111,True
64161,318284,2015-04-05,Washington,Seattle,0,0,47.6062,-122.332,0.0524285714285714,0.19175,0.7557857142857144,-0.3654071428571429,True
64162,318292,2015-04-05,Washington,Seattle,0,0,47.6149,-122.342,0.1267777777777777,0.1129999999999999,0.7602222222222222,-0.0387111111111111,True
64427,319532,2015-04-07,Washington,Seattle,0,0,47.705,-122.345,0.0,0.278,0.722,-0.4003,True
64436,323864,2015-04-07,Washington,Seattle,0,0,47.4435,-122.296,0.509,0.0,0.491,0.8074,True
64452,318980,2015-04-07,Washington,Tacoma,0,2,47.2336,-122.425,0.257,0.212,0.531,0.128,True
64476,339203,2015-04-07,Washington,Renton,0,0,47.4936,-122.219,0.0,0.526,0.474,-0.8402,True
64673,333457,2015-04-08,Washington,Seattle,0,0,47.5361,-122.275,0.0,0.194,0.806,-0.34,True
64682,320711,2015-04-08,Washington,Seattle,0,0,47.685,-122.315,0.2,0.0,0.8,0.3612,True
64742,334006,2015-04-09,Washington,Seattle,0,0,47.6123,-122.318,0.128,0.208,0.664,-0.228,True
65128,326015,2015-04-11,Washington,Yakima,0,0,46.6031,-120.483,0.0,0.0,1.0,0.0,True
65150,322662,2015-04-12,Washington,Spokane,0,2,47.6925,-117.365,0.076,0.336,0.588,-0.7351,True
65313,323133,2015-04-12,Washington,Seattle,0,0,47.6138,-122.332,0.0423125,0.174625,0.7830312500000001,-0.35415625,True
65681,324049,2015-04-15,Washington,Tacoma,1,0,47.2206,-122.479,0.038,0.2339999999999999,0.728,-0.49905,True
65849,344039,2015-04-16,Washington,Seattle,0,0,47.4439,-122.302,0.509,0.0,0.491,0.8074,True
65865,324644,2015-04-16,Washington,Kent,1,0,47.3733,-122.273,0.0,0.672,0.328,-0.9062,True
65913,326144,2015-04-17,Washington,Seattle,0,0,47.5265,-122.377,0.0,0.34,0.66,-0.8492,True
66378,326073,2015-04-19,Washington,Spokane,0,1,47.657,-117.391,0.099,0.168,0.733,-0.2263,True
66634,331526,2015-04-22,Washington,Spokane,0,0,47.6588,-117.426,0.0,0.085,0.915,-0.34,True
66724,328130,2015-04-22,Washington,Seatac,0,0,47.4435,-122.296,0.509,0.0,0.491,0.8074,True
67071,329902,2015-04-25,Washington,Spokane,1,0,47.6517,-117.383,0.0495,0.2365,0.714,-0.54355,True
67314,330541,2015-04-27,Washington,Olympia,0,0,47.0541,-122.834,0.0339999999999999,0.2213333333333333,0.7446666666666667,-0.4548333333333333,True
67556,333399,2015-04-28,Washington,Seattle,0,0,47.6129,-122.309,0.0,0.173,0.827,-0.3182,True
68437,335963,2015-05-04,Washington,Seattle,0,0,47.7305,-122.344,0.0,0.311,0.689,-0.7761,True
69115,337861,2015-05-08,Washington,Seattle,0,0,47.6138,-122.332,0.0411666666666666,0.2147222222222222,0.7442222222222221,-0.4371555555555556,True
70853,393785,2015-05-19,Washington,Seattle,0,0,47.4435,-122.296,0.18,0.096,0.723,0.4753,True
70872,393783,2015-05-19,Washington,Seattle,0,0,47.4435,-122.296,0.18,0.096,0.723,0.4753,True
71057,394039,2015-05-20,Washington,Seattle,0,0,47.4435,-122.296,0.18,0.096,0.723,0.4753,True
71058,394032,2015-05-20,Washington,Seattle,0,0,47.4435,-122.296,0.1026666666666666,0.1366666666666667,0.7603333333333332,-0.0223333333333333,True
71104,343863,2015-05-20,Washington,Seattle,0,0,47.6123,-122.318,0.226,0.089,0.6855,0.28535,True
71556,345708,2015-05-23,Washington,Seattle,0,2,47.6177,-122.326,0.2046666666666666,0.0593333333333333,0.7363333333333334,0.3370333333333333,True
71727,407638,2015-05-24,Washington,Seattle,0,0,47.4435,-122.296,0.18,0.096,0.723,0.4753,True
72897,351605,2015-05-31,Washington,Seattle,0,0,47.521,-122.268,0.074,0.0,0.926,0.1901,True
72990,407150,2015-06-01,Washington,Seattle,0,0,47.4435,-122.296,0.18,0.096,0.723,0.4753,True
73284,355758,2015-06-03,Washington,Seattle,0,1,47.6017,-122.332,0.0937142857142857,0.1924999999999999,0.7137857142857144,-0.1899357142857143,True
74595,365602,2015-06-11,Washington,Redmond,0,0,47.6712,-122.122,0.372,0.122,0.507,0.7125,True
74816,377539,2015-06-12,Washington,Seattle,0,0,47.6129,-122.303,0.142,0.0,0.858,0.3595,True
75252,398495,2015-06-15,Washington,Seattle,0,1,47.5993,-122.302,0.0,0.439,0.561,-0.5719,True
75699,360025,2015-06-18,Washington,Seattle,0,0,47.5203,-122.263,0.074,0.0,0.926,0.1901,True
75825,361133,2015-06-19,Washington,Seattle,0,1,47.5291,-122.27,0.0246666666666666,0.1726666666666666,0.8026666666666666,-0.4043666666666667,True
76181,372634,2015-06-21,Washington,Seattle,0,1,47.6062,-122.332,0.0794545454545454,0.1982272727272727,0.7223636363636363,-0.2687818181818182,True
76507,377525,2015-06-24,Washington,Seattle,0,1,47.5208,-122.269,0.0,0.259,0.741,-0.7016,True
76635,365716,2015-06-25,Washington,Seattle,0,1,47.6062,-122.297,0.0,0.439,0.561,-0.5719,True
76640,365699,2015-06-25,Washington,Seattle,0,0,47.609,-122.303,0.0,0.439,0.561,-0.5719,True
76779,365002,2015-06-26,Washington,Seattle,0,1,47.5904,-122.328,0.0,0.0,1.0,0.0,True
76891,369584,2015-06-26,Washington,Seattle,1,0,47.6116,-122.301,0.142,0.0,0.858,0.3595,True
76897,377564,2015-06-26,Washington,Seattle,0,0,47.5208,-122.269,0.0,0.259,0.741,-0.7016,True
77187,365297,2015-06-28,Washington,Seattle,0,2,47.6185,-122.336,0.099,0.272,0.628,-0.5106,True
78486,370104,2015-07-06,Washington,Seattle,0,1,47.5261,-122.279,0.0,0.259,0.741,-0.7016,True
78552,371855,2015-07-07,Washington,Seattle (Skyway),1,0,47.6062,-122.332,0.0489411764705882,0.2454117647058823,0.7056470588235294,-0.4796058823529411,True
79633,375530,2015-07-14,Washington,Seattle,0,1,47.6614,-122.321,0.0,0.423,0.577,-0.9371,True
80718,377694,2015-07-20,Washington,Seattle,0,1,47.6935,-122.344,0.0,0.195,0.805,-0.5622,True
80862,387498,2015-07-21,Washington,Seattle,0,0,47.5417,-122.297,0.0,0.302,0.698,-0.636,True
80944,379043,2015-07-21,Washington,Tacoma,0,2,47.2573,-122.433,0.0,0.211,0.789,-0.34,True
80965,378915,2015-07-21,Washington,Spokane,1,0,47.6517,-117.375,0.0,0.401,0.599,-0.8658,True
81172,386684,2015-07-23,Washington,Seattle,0,0,47.5417,-122.297,0.0,0.302,0.698,-0.636,True
81630,382125,2015-07-25,Washington,Tacoma,0,1,47.2535,-122.437,0.0,0.211,0.789,-0.34,True
81657,392958,2015-07-26,Washington,Seattle,0,0,47.6107,-122.339,0.0337,0.2161333333333334,0.7501666666666665,-0.4556833333333334,True
82209,392969,2015-07-29,Washington,Seattle,0,0,47.6138,-122.332,0.0373333333333333,0.21225,0.7504166666666667,-0.4417833333333333,True
83403,419318,2015-08-05,Washington,Seattle,0,0,47.6165,-122.301,0.0,0.164,0.836,-0.4824,True
83640,389963,2015-08-06,Washington,Seattle,0,0,47.6138,-122.332,0.0312222222222222,0.2206388888888888,0.7481388888888889,-0.4661277777777777,True
83651,389992,2015-08-06,Washington,Everett,0,2,47.8883,-122.252,0.0,0.255,0.745,-0.34,True
83785,392904,2015-08-07,Washington,Seattle,0,0,47.6107,-122.339,0.0293142857142857,0.2270285714285714,0.7436571428571429,-0.4853685714285714,True
83991,390385,2015-08-08,Washington,Seattle,0,3,47.6687,-122.386,0.0305,0.1697499999999999,0.79975,-0.36875,True
84320,392613,2015-08-10,Washington,Seattle,0,0,47.5497,-122.283,0.0,0.273,0.727,-0.7761,True
84605,400333,2015-08-12,Washington,Tacoma,0,0,47.2535,-122.437,0.0,0.211,0.789,-0.34,True
84664,393534,2015-08-13,Washington,Seattle,0,1,47.6011,-122.331,0.036027027027027,0.258945945945946,0.7050810810810813,-0.5676405405405406,True
84715,394973,2015-08-13,Washington,Seattle,1,0,47.609,-122.299,0.0,0.2304999999999999,0.7695,-0.62925,True
85199,395922,2015-08-16,Washington,Seattle,1,0,47.6149,-122.329,0.0861999999999999,0.2053999999999999,0.7083999999999999,-0.35508,True
86212,399494,2015-08-22,Washington,Seattle (Queen Anne),1,2,47.6186,-122.357,0.0,0.363,0.637,-0.8442,True
86237,400011,2015-08-23,Washington,Seattle,0,1,47.6,-122.312,0.0,0.164,0.836,-0.4824,True
86593,410567,2015-08-25,Washington,Seattle,0,0,47.4435,-122.296,0.128,0.0,0.872,0.2263,True
86841,410570,2015-08-26,Washington,Seattle,0,0,47.4435,-122.296,0.128,0.0,0.872,0.2263,True
87107,404257,2015-08-28,Washington,Seattle,0,0,47.6,-122.333,0.05224,0.2886000000000001,0.6592,-0.6038279999999998,True
87189,404058,2015-08-29,Washington,Seattle,0,1,47.6,-122.332,0.0544166666666666,0.28575,0.659875,-0.5941541666666664,True
87432,406652,2015-08-30,Washington,Seattle,0,0,47.613,-122.33,0.0608,0.26764,0.6716000000000001,-0.5520279999999999,True
87509,405458,2015-08-31,Washington,Seattle,0,1,47.6009,-122.331,0.0544166666666666,0.28575,0.659875,-0.5941541666666664,True
87713,410616,2015-09-01,Washington,Seattle,0,0,47.4435,-122.296,0.128,0.0,0.872,0.2263,True
88137,410825,2015-09-04,Washington,Seattle,0,0,47.5861,-122.329,0.047,0.0665,0.8865000000000001,-0.08895,True
89274,411826,2015-09-10,Washington,Seattle,0,0,47.6017,-122.335,0.0666315789473684,0.2744210526315789,0.6588421052631578,-0.5008894736842106,True
90879,417307,2015-09-20,Washington,Seattle,0,1,47.613,-122.319,0.098,0.191,0.71,-0.1779,True
91831,420757,2015-09-26,Washington,Seattle,0,1,47.7155,-122.293,0.132,0.228,0.639,-0.2732,True
92242,422556,2015-09-29,Washington,Seattle,0,1,47.6059,-122.336,0.0510238095238095,0.1852619047619047,0.7637142857142859,-0.3211380952380952,True
92373,423019,2015-09-30,Washington,Seattle,0,0,47.6147,-122.345,0.0235,0.3365,0.6395,-0.63435,True
92840,425229,2015-10-03,Washington,Seattle (Seatac),0,1,47.4509,-122.296,0.16,0.224,0.617,0.1134,True
92841,425227,2015-10-03,Washington,Seattle,0,0,47.6153,-122.318,0.098,0.191,0.71,-0.1779,True
92974,425220,2015-10-04,Washington,Seattle (Capitol Hill),0,1,47.613,-122.322,0.185,0.0636666666666666,0.751,0.153,True
93139,498974,2015-10-05,Washington,Seattle,0,0,47.4435,-122.296,0.16,0.224,0.617,0.1134,True
93240,428017,2015-10-06,Washington,Seattle,0,1,47.6138,-122.332,0.050725,0.1824749999999999,0.7667750000000001,-0.3242299999999999,True
93292,453402,2015-10-06,Washington,Seattle (Tukwila),0,1,47.6138,-122.332,0.050725,0.1824749999999999,0.7667750000000001,-0.3242299999999999,True
93614,427935,2015-10-09,Washington,Seattle,1,0,47.5925,-122.329,0.0511666666666666,0.1106666666666666,0.8381666666666665,-0.1091333333333333,True
93697,428421,2015-10-09,Washington,Tacoma,0,0,47.1702,-122.466,0.0,0.697,0.303,-0.5574,True
95597,435072,2015-10-22,Washington,Seattle,0,0,47.6017,-122.315,0.22,0.198,0.582,0.1431,True
95598,436035,2015-10-22,Washington,Seattle (Ballard),0,1,47.6138,-122.332,0.0577727272727272,0.2493181818181818,0.6928181818181819,-0.4566454545454545,True
97392,442950,2015-11-03,Washington,Seattle,0,0,47.6138,-122.332,0.03775,0.245,0.7171875000000001,-0.4828125,True
97516,448118,2015-11-04,Washington,Spokane,0,0,47.6611,-117.432,0.0814,0.1342,0.7842,-0.14194,True
98058,444988,2015-11-07,Washington,Seattle,0,0,47.6263,-122.353,0.105,0.14,0.756,-0.1531,True
98187,444992,2015-11-08,Washington,Everett,0,1,47.88,-122.249,0.047,0.3285,0.6245,-0.8230999999999999,True
98594,478356,2015-11-11,Washington,Seattle,0,0,47.4435,-122.296,0.138,0.243,0.619,-0.2942,True
98734,446314,2015-11-12,Washington,Puyallup,0,0,47.1587,-122.359,0.0,0.167,0.833,-0.34,True
98944,480611,2015-11-13,Washington,Seattle,0,0,47.4435,-122.296,0.138,0.243,0.619,-0.2942,True
99379,462969,2015-11-16,Washington,Tacoma,0,1,47.2535,-122.437,0.0,0.156,0.844,-0.34,True
99427,449764,2015-11-17,Washington,Seattle,0,0,47.6138,-122.332,0.0081,0.2958,0.6960999999999999,-0.63839,True
100144,550494,2015-11-22,Washington,Tacoma,0,0,47.2535,-122.437,0.0,0.156,0.844,-0.34,True
101063,455142,2015-11-29,Washington,Everett,0,1,47.8883,-122.252,0.1006249999999999,0.264875,0.6345,-0.5029125,True
102097,460229,2015-12-06,Washington,Seattle,1,0,47.6776,-122.29,0.0,0.333,0.667,-0.6124,True
103277,491176,2015-12-15,Washington,Seattle,0,0,47.6093,-122.331,0.0035,0.2557,0.7407999999999999,-0.501095,True
105236,474986,2015-12-28,Washington,Seattle,0,1,47.6009,-122.331,0.0331666666666666,0.2479999999999999,0.7188333333333333,-0.3911444444444444,True
105852,477004,2016-01-01,Washington,Vancouver,0,0,45.6272,-122.671,0.0,0.0,1.0,0.0,True
109166,493388,2016-01-25,Washington,Seattle,0,0,47.6,-122.308,0.0,0.311,0.689,-0.7761,True
110869,502684,2016-02-05,Washington,Spokane,0,0,47.6611,-117.432,0.0,0.316,0.684,-0.7184,True
111208,502034,2016-02-07,Washington,Mount Vernon,1,0,48.4136,-122.333,0.0,0.0,1.0,0.0,True
111242,502678,2016-02-07,Washington,Spokane,0,0,47.6611,-117.432,0.0,0.316,0.684,-0.7184,True
111600,515370,2016-02-10,Washington,Spokane,0,0,47.6611,-117.432,0.0,0.316,0.684,-0.7184,True
111888,504777,2016-02-12,Washington,Kirkland,0,1,47.7228,-122.164,0.0,0.261,0.739,-0.7506,True
112700,507248,2016-02-18,Washington,Seattle,0,0,47.5317,-122.355,0.171,0.2825,0.5465,0.151,True
112991,515384,2016-02-20,Washington,Spokane,0,0,47.6611,-117.432,0.0,0.316,0.684,-0.7184,True
113331,515374,2016-02-23,Washington,Spokane,0,0,47.6611,-117.432,0.0,0.316,0.684,-0.7184,True
113794,515379,2016-02-26,Washington,Spokane,0,0,47.6611,-117.432,0.0,0.316,0.684,-0.7184,True
114001,515363,2016-02-28,Washington,Spokane,0,0,47.6611,-117.432,0.0,0.316,0.684,-0.7184,True
114441,515354,2016-03-02,Washington,Spokane,0,0,47.6611,-117.432,0.0,0.316,0.684,-0.7184,True
118566,613804,2016-03-28,Washington,Seattle,0,0,47.4435,-122.296,0.068,0.112,0.8200000000000001,-0.1157499999999999,True
118822,614090,2016-03-30,Washington,Seattle,0,0,47.4435,-122.296,0.068,0.112,0.8200000000000001,-0.1157499999999999,True
119995,616049,2016-04-06,Washington,Seattle,0,0,47.4435,-122.296,0.068,0.112,0.8200000000000001,-0.1157499999999999,True
121157,619863,2016-04-14,Washington,Seattle,0,0,47.4435,-122.296,0.068,0.112,0.8200000000000001,-0.1157499999999999,True
121374,542726,2016-04-16,Washington,Puyallup,1,0,47.1784,-122.293,0.097,0.101,0.802,-0.0258,True
121450,542731,2016-04-16,Washington,Bellevue,0,0,47.5819,-122.164,0.074,0.1765,0.75,-0.24655,True
121490,623092,2016-04-16,Washington,Seattle,0,0,47.4435,-122.296,0.0976666666666666,0.2033333333333333,0.6993333333333333,-0.2579333333333333,True
121494,623097,2016-04-16,Washington,Seattle,0,0,47.4435,-122.296,0.068,0.112,0.8200000000000001,-0.1157499999999999,True
122606,546513,2016-04-23,Washington,Seattle,0,4,47.6009,-122.333,0.0278888888888888,0.2237777777777777,0.7483333333333333,-0.524,True
123879,640159,2016-05-01,Washington,Seattle,0,0,47.4435,-122.296,0.0,0.156,0.844,-0.34,True
124387,553370,2016-05-04,Washington,Seattle (Burien),1,0,47.6062,-122.332,0.1185,0.12925,0.75225,0.0135,True
124627,556942,2016-05-06,Washington,Lynnwood,0,0,47.8096,-122.324,0.0,0.211,0.789,-0.34,True
124831,656872,2016-05-07,Washington,Seattle,0,0,47.4435,-122.296,0.0,0.156,0.844,-0.34,True
124906,556286,2016-05-07,Washington,Tacoma,0,0,47.2542,-122.461,0.127,0.098,0.775,0.1819,True
125082,556282,2016-05-08,Washington,Seattle,0,1,47.6098,-122.338,0.158,0.0926666666666666,0.7493333333333333,0.2086333333333333,True
125268,657426,2016-05-09,Washington,Seattle,0,0,47.4435,-122.296,0.0,0.156,0.844,-0.34,True
125416,657538,2016-05-10,Washington,Seattle,0,0,47.4435,-122.296,0.0,0.156,0.844,-0.34,True
125500,659649,2016-05-11,Washington,Seattle,0,0,47.4435,-122.296,0.0,0.156,0.844,-0.34,True
125723,660942,2016-05-12,Washington,Seattle,0,0,47.4435,-122.296,0.0,0.156,0.844,-0.34,True
126547,561891,2016-05-18,Washington,Seattle,0,0,47.6026,-122.334,0.1175,0.092,0.7905,0.027,True
127924,568020,2016-05-26,Washington,Seattle,0,1,47.6017,-122.33,0.0,0.44,0.56,-0.8807,True
128847,787716,2016-06-01,Washington,Seattle,0,0,47.6138,-122.332,0.028,0.2254999999999999,0.74625,-0.458275,True
129921,576280,2016-06-08,Washington,Seattle (West Seattle),0,0,47.5319,-122.353,0.082,0.415,0.5025,-0.477,True
130166,576282,2016-06-10,Washington,Seattle (West Seattle),0,0,47.5265,-122.363,0.082,0.415,0.5025,-0.477,True
130539,580148,2016-06-12,Washington,Everett,0,0,47.8833,-122.25,0.0,0.244,0.756,-0.6003499999999999,True
131534,590033,2016-06-20,Washington,Seattle (West Seattle),0,0,47.5301,-122.358,0.082,0.415,0.5025,-0.477,True
133491,594416,2016-07-02,Washington,Seattle,0,0,47.6138,-122.332,0.0348846153846153,0.1508461538461538,0.8142307692307693,-0.2385230769230769,True
133758,595946,2016-07-04,Washington,Seattle (West Seattle),0,0,47.5665,-122.385,0.0,0.224,0.776,-0.2917,True
135033,601692,2016-07-11,Washington,Seattle,0,1,47.5397,-122.322,0.343,0.0,0.657,0.8074,True
135268,603364,2016-07-13,Washington,Seattle,0,0,47.6138,-122.332,0.0838461538461538,0.178076923076923,0.7380000000000001,-0.1731692307692308,True
135301,602684,2016-07-13,Washington,Seattle,0,0,47.6155,-122.328,0.0483333333333333,0.1849999999999999,0.7666666666666666,-0.2646333333333333,True
135772,604365,2016-07-16,Washington,Seattle,0,0,47.6152,-122.321,0.0725,0.2055,0.722,-0.1958,True
136606,610426,2016-07-21,Washington,Spokane,0,0,47.6611,-117.432,0.0,0.0,1.0,0.0,True
138032,618173,2016-07-29,Washington,Seattle,0,0,47.6106,-122.339,0.0848571428571428,0.1482857142857143,0.7668571428571429,-0.0836714285714285,True
139165,621797,2016-08-04,Washington,Seattle,0,1,47.6199,-122.32,0.145,0.156,0.699,-0.0516,True
139394,623337,2016-08-06,Washington,Seattle,0,1,47.6131,-122.32,0.145,0.156,0.699,-0.0516,True
141831,635577,2016-08-19,Washington,Seattle,0,0,47.5862,-122.326,0.083625,0.0408125,0.8755625,0.0893,True
144025,644807,2016-08-31,Washington,Seattle,0,0,47.6043,-122.321,0.2704999999999999,0.1605,0.5685,0.3841,True
147546,669860,2016-09-21,Washington,Seattle,0,0,47.6138,-122.332,0.012,0.226,0.7618750000000001,-0.4688625,True
152424,691934,2016-10-21,Washington,Seattle (Capitol Hill),0,0,47.6141,-122.322,0.192,0.231,0.577,-0.1027,True
152614,691932,2016-10-22,Washington,Seattle (Capitol Hill),0,0,47.6095,-122.342,0.0465,0.181,0.7725000000000001,-0.3273,True
154178,691157,2016-10-31,Washington,Tacoma,0,0,47.2535,-122.437,0.0,0.124,0.876,-0.34,True
155715,696917,2016-11-09,Washington,Seattle,0,5,47.6101,-122.338,0.032,0.22675,0.74125,-0.47645,True
163547,738588,2016-12-27,Washington,Seattle (Skyway),0,0,47.6138,-122.332,0.0745,0.0,0.9255,0.11315,True
164472,739545,2016-12-31,Washington,Seattle,0,1,47.6107,-122.339,0.106,0.0,0.894,0.2263,True
167127,751977,2017-01-16,Washington,Seattle,0,1,47.6009,-122.333,0.0368571428571428,0.1565714285714285,0.8065714285714287,-0.2462,True
167808,756036,2017-01-19,Washington,Seattle,0,3,47.6135,-122.345,0.0,0.146,0.854,-0.34,True
167921,761070,2017-01-20,Washington,Olympia,0,0,47.04600000000001,-122.886,0.0,0.34,0.66,-0.3818,True
168813,765341,2017-01-26,Washington,Seattle,0,0,47.6136,-122.342,0.0,0.194,0.806,-0.34,True
168823,767678,2017-01-26,Washington,Seattle,0,0,47.6052,-122.335,0.0248888888888888,0.2383333333333333,0.7367777777777778,-0.4417777777777777,True
169252,763043,2017-01-29,Washington,Seattle,1,0,47.6028,-122.331,0.0223999999999999,0.268,0.7096,-0.48311,True
173018,790254,2017-02-20,Washington,Seattle,0,0,47.607,-122.33,0.04,0.2565384615384615,0.7035384615384616,-0.4195615384615384,True
174779,789746,2017-03-04,Washington,Moses Lake,0,0,47.1294,-119.282,0.34,0.118,0.542,0.6705,True
176033,797501,2017-03-12,Washington,Seattle,0,0,47.6135,-122.329,0.0453333333333333,0.2789999999999999,0.6756666666666667,-0.4688833333333333,True
176205,793586,2017-03-13,Washington,Everett,1,1,47.9871,-122.203,0.0,0.21,0.79,-0.3947,True
176348,795904,2017-03-15,Washington,Everett,0,0,47.9833,-122.21,0.0,0.21,0.79,-0.3947,True
176546,796982,2017-03-16,Washington,Everett,0,0,47.986,-122.203,0.0,0.21,0.79,-0.3947,True
177793,801180,2017-03-23,Washington,Federal Way,1,0,47.3116,-122.311,0.166,0.076,0.758,0.3716,True
178157,803725,2017-03-25,Washington,Seattle,0,0,47.6166,-122.34,0.0565,0.0,0.9435,0.1591,True
178308,803727,2017-03-26,Washington,Seattle,0,0,47.6208,-122.328,0.0956923076923076,0.2215384615384615,0.683,-0.2980846153846154,True
179694,810425,2017-04-03,Washington,Seattle,0,1,47.6144,-122.348,0.045,0.0415,0.9135,0.01935,True
182447,822785,2017-04-17,Washington,Seattle,0,1,47.6191,-122.327,0.0,0.162,0.838,-0.5067,True
182961,824924,2017-04-20,Washington,Seattle,1,3,47.604,-122.336,0.0222,0.2159999999999999,0.7618,-0.43526,True
184161,829840,2017-04-26,Washington,Seattle (Des Moines),1,0,47.6138,-122.332,0.0699999999999999,0.1823333333333333,0.7476666666666666,-0.2080166666666666,True
185460,837510,2017-05-04,Washington,Seattle,0,0,47.6107,-122.339,0.0718333333333333,0.1663333333333333,0.7618333333333333,-0.1496166666666666,True
185569,840751,2017-05-05,Washington,Seattle,0,1,47.6126,-122.345,0.0406666666666666,0.1073333333333333,0.852,-0.1596666666666666,True
185676,836843,2017-05-05,Washington,Seattle,0,1,47.6128,-122.345,0.0406666666666666,0.1073333333333333,0.852,-0.1596666666666666,True
186135,839795,2017-05-08,Washington,Tacoma (Parkland),0,0,47.151,-122.43,0.0,0.0,1.0,0.0,True
186708,852981,2017-05-11,Washington,Seattle,0,0,47.6138,-122.332,0.1089999999999999,0.1167999999999999,0.7742,-0.00134,True
187864,846941,2017-05-17,Washington,Tacoma,0,0,47.1593,-122.434,0.0,0.0,1.0,0.0,True
189255,853245,2017-05-25,Washington,Everett,0,0,47.9846,-122.213,0.0,0.0,1.0,0.0,True
189886,853996,2017-05-28,Washington,Seattle,0,3,47.6022,-122.331,0.1386666666666666,0.2033333333333333,0.658,-0.0620666666666666,True
190613,858572,2017-06-01,Washington,Puyallup (South Hill),0,0,47.1184,-122.293,0.288,0.164,0.548,0.4215,True
191330,863175,2017-06-05,Washington,Seattle,0,0,47.6138,-122.332,0.0,0.391,0.609,-0.8537,True
192654,867064,2017-06-13,Washington,Seattle (White Center),0,0,47.6138,-122.332,0.145,0.1955,0.6595,-0.14265,True
194624,875184,2017-06-24,Washington,Seattle,0,2,47.6186,-122.347,0.0,0.391,0.609,-0.8537,True
196936,886194,2017-07-07,Washington,Seattle,0,0,47.6144,-122.348,0.0,0.378,0.622,-0.8442,True
198620,892468,2017-07-16,Washington,Seattle,0,1,47.5968,-122.314,0.0,0.223,0.777,-0.5574,True
199612,901907,2017-07-22,Washington,Tacoma,0,0,47.2187,-122.482,0.308,0.095,0.597,0.7456,True
200593,907839,2017-07-28,Washington,Tacoma,0,0,47.2535,-122.437,0.2525,0.0,0.7475,0.4521,True
201023,903411,2017-07-30,Washington,Seattle,0,0,47.6009,-122.333,0.195,0.0,0.805,0.5255,True
201531,906090,2017-08-02,Washington,Tacoma,0,0,47.2535,-122.437,0.2525,0.0,0.7475,0.4521,True
202623,909412,2017-08-08,Washington,Spokane,0,1,47.6611,-117.432,0.057,0.0,0.943,0.1027,True
205548,921963,2017-08-26,Washington,Seattle,1,0,47.6138,-122.332,0.1598,0.1034,0.737,0.10176,True
206443,927921,2017-08-31,Washington,Seattle,0,0,47.6138,-122.332,0.1598,0.1034,0.737,0.10176,True
207860,932727,2017-09-10,Washington,Tacoma,0,0,47.2116,-122.485,0.089,0.1542727272727272,0.7565454545454546,-0.0753545454545454,True
208130,942570,2017-09-12,Washington,Seattle,0,0,47.6135,-122.349,0.129,0.2075,0.664,-0.2842,True
209697,939005,2017-09-21,Washington,Seattle (Seatac),1,0,47.6138,-122.332,0.0,0.0,1.0,0.0,True
212572,955134,2017-10-08,Washington,Spokane,1,0,47.6569,-117.418,0.0,0.0,1.0,0.0,True
215304,1016225,2017-10-25,Washington,Spokane,0,0,47.6611,-117.432,0.0,0.0,1.0,0.0,True
215456,974248,2017-10-26,Washington,Seattle,0,0,47.6098,-122.341,0.0,0.3295,0.6705,-0.35015,True
216076,975912,2017-10-29,Washington,Seattle,0,0,47.6138,-122.332,0.0,0.3295,0.6705,-0.35015,True
217646,984766,2017-11-08,Washington,Seattle,0,0,47.6017,-122.326,0.0,0.0,1.0,0.0,True
217958,990789,2017-11-10,Washington,Seattle (Des Moines),1,0,47.3935,-122.305,0.168,0.139,0.694,0.128,True
222592,1005023,2017-12-09,Washington,Seattle,0,1,47.6117,-122.337,0.135,0.155,0.71,-0.0772,True
225101,1014214,2017-12-26,Washington,Bellevue,0,0,47.582,-122.163,0.148,0.197,0.656,-0.1531,True
225724,1019420,2017-12-31,Washington,Seattle,0,0,47.6017,-122.324,0.135,0.155,0.71,-0.0772,True
232269,1047446,2018-02-11,Washington,Seattle,1,0,47.5745,-122.334,0.092,0.137,0.772,-0.1298,True
232293,1047754,2018-02-11,Washington,Seattle,0,1,47.6026,-122.334,0.105,0.14,0.756,-0.1531,True
234656,1059401,2018-02-27,Washington,Seattle,0,0,47.6026,-122.334,0.155,0.185,0.6605,-0.1655,True
234799,1059397,2018-02-28,Washington,Seattle,0,0,47.611,-122.324,0.1033333333333333,0.1233333333333333,0.7736666666666666,-0.1103333333333333,True
237177,1071701,2018-03-15,Washington,Seattle,1,0,47.6138,-122.332,0.0486874999999999,0.18325,0.7680625,-0.2560625,True
238842,1079022,2018-03-25,Washington,Yakima,0,1,46.6097,-120.51,0.147,0.351,0.502,-0.6891,True
239176,1079791,2018-03-28,Washington,Seattle,0,0,47.6138,-122.332,0.0409999999999999,0.193,0.766,-0.2799357142857143,True
